-- phpMyAdmin SQL Dump
-- version phpStudy 2014
-- http://www.phpmyadmin.net
--
-- ‰∏ªÊú∫: localhost
-- ÁîüÊàêÊó•Êúü: 2017 Âπ?08 Êú?07 Êó?09:17
-- ÊúçÂä°Âô®ÁâàÊú¨: 5.5.53
-- PHP ÁâàÊú¨: 5.5.38

SET SQL_MODE="NO_AUTO_VALUE_ON_ZERO";
SET time_zone = "+00:00";


/*!40101 SET @OLD_CHARACTER_SET_CLIENT=@@CHARACTER_SET_CLIENT */;
/*!40101 SET @OLD_CHARACTER_SET_RESULTS=@@CHARACTER_SET_RESULTS */;
/*!40101 SET @OLD_COLLATION_CONNECTION=@@COLLATION_CONNECTION */;
/*!40101 SET NAMES utf8 */;

--
-- Êï∞ÊçÆÂ∫ì: `zerg`
--

-- --------------------------------------------------------

--
-- Ë°®ÁöÑÁªìÊûÑ `banner`
--

CREATE TABLE IF NOT EXISTS `banner` (
  `id` int(11) NOT NULL AUTO_INCREMENT,
  `name` varchar(50) DEFAULT NULL COMMENT 'BannerÂêçÁß∞ÔºåÈÄöÂ∏∏‰Ωú‰∏∫Ê†áËØÜ',
  `description` varchar(255) DEFAULT NULL COMMENT 'BannerÊèèËø∞',
  `delete_time` int(11) DEFAULT NULL,
  `update_time` int(11) DEFAULT NULL,
  PRIMARY KEY (`id`)
) ENGINE=InnoDB  DEFAULT CHARSET=utf8 COMMENT='bannerÁÆ°ÁêÜË°®' AUTO_INCREMENT=2 ;

--
-- ËΩ¨Â≠òË°®‰∏≠ÁöÑÊï∞ÊçÆ `banner`
--

INSERT INTO `banner` (`id`, `name`, `description`, `delete_time`, `update_time`) VALUES
(1, 'È¶ñÈ°µÁΩÆÈ°∂', 'È¶ñÈ°µËΩÆÊí≠Âõæ', NULL, NULL);

-- --------------------------------------------------------

--
-- Ë°®ÁöÑÁªìÊûÑ `banner_item`
--

CREATE TABLE IF NOT EXISTS `banner_item` (
  `id` int(11) NOT NULL AUTO_INCREMENT,
  `img_id` int(11) NOT NULL COMMENT 'Â§ñÈîÆÔºåÂÖ≥ËÅîimageË°®',
  `key_word` varchar(100) NOT NULL COMMENT 'ÊâßË°åÂÖ≥ÈîÆÂ≠óÔºåÊ†πÊçÆ‰∏çÂêåÁöÑtypeÂê´‰πâ‰∏çÂêå',
  `type` tinyint(4) NOT NULL DEFAULT '1' COMMENT 'Ë∑≥ËΩ¨Á±ªÂûãÔºåÂèØËÉΩÂØºÂêëÂïÜÂìÅÔºåÂèØËÉΩÂØºÂêë‰∏ìÈ¢òÔºåÂèØËÉΩÂØºÂêëÂÖ∂‰ªñ„ÄÇ0ÔºåÊó†ÂØºÂêëÔºõ1ÔºöÂØºÂêëÂïÜÂìÅ;2:ÂØºÂêë‰∏ìÈ¢ò',
  `delete_time` int(11) DEFAULT NULL,
  `banner_id` int(11) NOT NULL COMMENT 'Â§ñÈîÆÔºåÂÖ≥ËÅîbannerË°®',
  `update_time` int(11) DEFAULT NULL,
  PRIMARY KEY (`id`)
) ENGINE=InnoDB  DEFAULT CHARSET=utf8 COMMENT='bannerÂ≠êÈ°πË°®' AUTO_INCREMENT=6 ;

--
-- ËΩ¨Â≠òË°®‰∏≠ÁöÑÊï∞ÊçÆ `banner_item`
--

INSERT INTO `banner_item` (`id`, `img_id`, `key_word`, `type`, `delete_time`, `banner_id`, `update_time`) VALUES
(1, 65, '6', 1, NULL, 1, NULL),
(2, 2, '25', 1, NULL, 1, NULL),
(3, 3, '11', 1, NULL, 1, NULL),
(5, 1, '10', 1, NULL, 1, NULL);

-- --------------------------------------------------------

--
-- Ë°®ÁöÑÁªìÊûÑ `category`
--

CREATE TABLE IF NOT EXISTS `category` (
  `id` int(11) NOT NULL AUTO_INCREMENT,
  `name` varchar(50) NOT NULL COMMENT 'ÂàÜÁ±ªÂêçÁß∞',
  `topic_img_id` int(11) DEFAULT NULL COMMENT 'Â§ñÈîÆÔºåÂÖ≥ËÅîimageË°®',
  `delete_time` int(11) DEFAULT NULL,
  `description` varchar(100) DEFAULT NULL COMMENT 'ÊèèËø∞',
  `update_time` int(11) DEFAULT NULL,
  PRIMARY KEY (`id`)
) ENGINE=InnoDB  DEFAULT CHARSET=utf8 COMMENT='ÂïÜÂìÅÁ±ªÁõÆ' AUTO_INCREMENT=8 ;

--
-- ËΩ¨Â≠òË°®‰∏≠ÁöÑÊï∞ÊçÆ `category`
--

INSERT INTO `category` (`id`, `name`, `topic_img_id`, `delete_time`, `description`, `update_time`) VALUES
(2, 'ÊûúÂë≥', 6, NULL, NULL, NULL),
(3, 'Ëî¨Ëèú', 5, NULL, NULL, NULL),
(4, 'ÁÇíË¥ß', 7, NULL, NULL, NULL),
(5, 'ÁÇπÂøÉ', 4, NULL, NULL, NULL),
(6, 'Á≤óËå∂', 8, NULL, NULL, NULL),
(7, 'Ê∑°È•≠', 9, NULL, NULL, NULL);

-- --------------------------------------------------------

--
-- Ë°®ÁöÑÁªìÊûÑ `image`
--

CREATE TABLE IF NOT EXISTS `image` (
  `id` int(11) NOT NULL AUTO_INCREMENT,
  `url` varchar(255) NOT NULL COMMENT 'ÂõæÁâáË∑ØÂæÑ',
  `from` tinyint(4) NOT NULL DEFAULT '1' COMMENT '1 Êù•Ëá™Êú¨Âú∞Ôºå2 Êù•Ëá™ÂÖ¨ÁΩë',
  `delete_time` int(11) DEFAULT NULL,
  `update_time` int(11) DEFAULT NULL,
  PRIMARY KEY (`id`)
) ENGINE=InnoDB  DEFAULT CHARSET=utf8 COMMENT='ÂõæÁâáÊÄªË°®' AUTO_INCREMENT=70 ;

--
-- ËΩ¨Â≠òË°®‰∏≠ÁöÑÊï∞ÊçÆ `image`
--

INSERT INTO `image` (`id`, `url`, `from`, `delete_time`, `update_time`) VALUES
(1, '/banner-1a.png', 1, NULL, NULL),
(2, '/banner-2a.png', 1, NULL, NULL),
(3, '/banner-3a.png', 1, NULL, NULL),
(4, '/category-cake.png', 1, NULL, NULL),
(5, '/category-vg.png', 1, NULL, NULL),
(6, '/category-dryfruit.png', 1, NULL, NULL),
(7, '/category-fry-a.png', 1, NULL, NULL),
(8, '/category-tea.png', 1, NULL, NULL),
(9, '/category-rice.png', 1, NULL, NULL),
(10, '/product-dryfruit@1.png', 1, NULL, NULL),
(13, '/product-vg@1.png', 1, NULL, NULL),
(14, '/product-rice@6.png', 1, NULL, NULL),
(16, '/1@theme.png', 1, NULL, NULL),
(17, '/2@theme.png', 1, NULL, NULL),
(18, '/3@theme.png', 1, NULL, NULL),
(19, '/detail-1@1-dryfruit.png', 1, NULL, NULL),
(20, '/detail-2@1-dryfruit.png', 1, NULL, NULL),
(21, '/detail-3@1-dryfruit.png', 1, NULL, NULL),
(22, '/detail-4@1-dryfruit.png', 1, NULL, NULL),
(23, '/detail-5@1-dryfruit.png', 1, NULL, NULL),
(24, '/detail-6@1-dryfruit.png', 1, NULL, NULL),
(25, '/detail-7@1-dryfruit.png', 1, NULL, NULL),
(26, '/detail-8@1-dryfruit.png', 1, NULL, NULL),
(27, '/detail-9@1-dryfruit.png', 1, NULL, NULL),
(28, '/detail-11@1-dryfruit.png', 1, NULL, NULL),
(29, '/detail-10@1-dryfruit.png', 1, NULL, NULL),
(31, '/product-rice@1.png', 1, NULL, NULL),
(32, '/product-tea@1.png', 1, NULL, NULL),
(33, '/product-dryfruit@2.png', 1, NULL, NULL),
(36, '/product-dryfruit@3.png', 1, NULL, NULL),
(37, '/product-dryfruit@4.png', 1, NULL, NULL),
(38, '/product-dryfruit@5.png', 1, NULL, NULL),
(39, '/product-dryfruit-a@6.png', 1, NULL, NULL),
(40, '/product-dryfruit@7.png', 1, NULL, NULL),
(41, '/product-rice@2.png', 1, NULL, NULL),
(42, '/product-rice@3.png', 1, NULL, NULL),
(43, '/product-rice@4.png', 1, NULL, NULL),
(44, '/product-fry@1.png', 1, NULL, NULL),
(45, '/product-fry@2.png', 1, NULL, NULL),
(46, '/product-fry@3.png', 1, NULL, NULL),
(47, '/product-tea@2.png', 1, NULL, NULL),
(48, '/product-tea@3.png', 1, NULL, NULL),
(49, '/1@theme-head.png', 1, NULL, NULL),
(50, '/2@theme-head.png', 1, NULL, NULL),
(51, '/3@theme-head.png', 1, NULL, NULL),
(52, '/product-cake@1.png', 1, NULL, NULL),
(53, '/product-cake@2.png', 1, NULL, NULL),
(54, '/product-cake-a@3.png', 1, NULL, NULL),
(55, '/product-cake-a@4.png', 1, NULL, NULL),
(56, '/product-dryfruit@8.png', 1, NULL, NULL),
(57, '/product-fry@4.png', 1, NULL, NULL),
(58, '/product-fry@5.png', 1, NULL, NULL),
(59, '/product-rice@5.png', 1, NULL, NULL),
(60, '/product-rice@7.png', 1, NULL, NULL),
(62, '/detail-12@1-dryfruit.png', 1, NULL, NULL),
(63, '/detail-13@1-dryfruit.png', 1, NULL, NULL),
(65, '/banner-4a.png', 1, NULL, NULL),
(66, '/product-vg@4.png', 1, NULL, NULL),
(67, '/product-vg@5.png', 1, NULL, NULL),
(68, '/product-vg@2.png', 1, NULL, NULL),
(69, '/product-vg@3.png', 1, NULL, NULL);

-- --------------------------------------------------------

--
-- Ë°®ÁöÑÁªìÊûÑ `order`
--

CREATE TABLE IF NOT EXISTS `order` (
  `id` int(11) NOT NULL AUTO_INCREMENT,
  `order_no` varchar(20) NOT NULL COMMENT 'ËÆ¢ÂçïÂè∑',
  `user_id` int(11) NOT NULL COMMENT 'Â§ñÈîÆÔºåÁî®Êà∑idÔºåÊ≥®ÊÑèÂπ∂‰∏çÊòØopenid',
  `delete_time` int(11) DEFAULT NULL,
  `create_time` int(11) DEFAULT NULL,
  `total_price` decimal(6,2) NOT NULL,
  `status` tinyint(4) NOT NULL DEFAULT '1' COMMENT '1:Êú™ÊîØ‰ªòÔºå 2ÔºöÂ∑≤ÊîØ‰ªòÔºå3ÔºöÂ∑≤ÂèëË¥ß , 4: Â∑≤ÊîØ‰ªòÔºå‰ΩÜÂ∫ìÂ≠ò‰∏çË∂≥',
  `snap_img` varchar(255) DEFAULT NULL COMMENT 'ËÆ¢ÂçïÂø´ÁÖßÂõæÁâá',
  `snap_name` varchar(80) DEFAULT NULL COMMENT 'ËÆ¢ÂçïÂø´ÁÖßÂêçÁß∞',
  `total_count` int(11) NOT NULL DEFAULT '0',
  `update_time` int(11) DEFAULT NULL,
  `snap_items` text COMMENT 'ËÆ¢ÂçïÂÖ∂‰ªñ‰ø°ÊÅØÂø´ÁÖßÔºàjson)',
  `snap_address` varchar(500) DEFAULT NULL COMMENT 'Âú∞ÂùÄÂø´ÁÖß',
  `prepay_id` varchar(100) DEFAULT NULL COMMENT 'ËÆ¢ÂçïÂæÆ‰ø°ÊîØ‰ªòÁöÑÈ¢ÑËÆ¢ÂçïidÔºàÁî®‰∫éÂèëÈÄÅÊ®°ÊùøÊ∂àÊÅØÔºâ',
  PRIMARY KEY (`id`),
  UNIQUE KEY `order_no` (`order_no`),
  KEY `user_id` (`user_id`)
) ENGINE=InnoDB  DEFAULT CHARSET=utf8 AUTO_INCREMENT=77 ;

--
-- ËΩ¨Â≠òË°®‰∏≠ÁöÑÊï∞ÊçÆ `order`
--

INSERT INTO `order` (`id`, `order_no`, `user_id`, `delete_time`, `create_time`, `total_price`, `status`, `snap_img`, `snap_name`, `total_count`, `update_time`, `snap_items`, `snap_address`, `prepay_id`) VALUES
(1, 'A804159765739871', 1, NULL, 1501815976, '0.02', 2, 'http://www.problem.com/images/product-dryfruit@2.png', 'Êò•ÁîüÈæôÁúº 500ÂÖã', 2, 1501815976, '[{"id":5,"haveStock":true,"count":2,"name":"\\u6625\\u751f\\u9f99\\u773c 500\\u514b","totalPrice":0.02}]', '{"id":4,"name":"\\u5f20\\u4e09","mobile":"18888888888","province":"\\u5e7f\\u4e1c\\u7701","city":"\\u5e7f\\u5dde\\u5e02","country":"\\u5929\\u6cb3\\u533a","detail":"\\u67d0\\u5df7\\u67d0\\u53f7","delete_time":null,"user_id":1,"update_time":"1970-01-01 08:00:00"}', NULL),
(2, 'A804159790049874', 1, NULL, 1501815979, '0.02', 1, 'http://www.problem.com/images/product-dryfruit@2.png', 'Êò•ÁîüÈæôÁúº 500ÂÖã', 2, 1501815979, '[{"id":5,"haveStock":true,"count":2,"name":"\\u6625\\u751f\\u9f99\\u773c 500\\u514b","totalPrice":0.02}]', '{"id":4,"name":"\\u5f20\\u4e09","mobile":"18888888888","province":"\\u5e7f\\u4e1c\\u7701","city":"\\u5e7f\\u5dde\\u5e02","country":"\\u5929\\u6cb3\\u533a","detail":"\\u67d0\\u5df7\\u67d0\\u53f7","delete_time":null,"user_id":1,"update_time":"1970-01-01 08:00:00"}', NULL),
(3, 'A804159794609835', 1, NULL, 1501815979, '0.02', 1, 'http://www.problem.com/images/product-dryfruit@2.png', 'Êò•ÁîüÈæôÁúº 500ÂÖã', 2, 1501815979, '[{"id":5,"haveStock":true,"count":2,"name":"\\u6625\\u751f\\u9f99\\u773c 500\\u514b","totalPrice":0.02}]', '{"id":4,"name":"\\u5f20\\u4e09","mobile":"18888888888","province":"\\u5e7f\\u4e1c\\u7701","city":"\\u5e7f\\u5dde\\u5e02","country":"\\u5929\\u6cb3\\u533a","detail":"\\u67d0\\u5df7\\u67d0\\u53f7","delete_time":null,"user_id":1,"update_time":"1970-01-01 08:00:00"}', NULL),
(4, 'A804185776301194', 1, NULL, 1501818577, '0.02', 2, 'http://www.problem.com/images/product-dryfruit@2.png', 'Êò•ÁîüÈæôÁúº 500ÂÖã', 2, 1501818577, '[{"id":5,"haveStock":true,"count":2,"name":"\\u6625\\u751f\\u9f99\\u773c 500\\u514b","totalPrice":0.02}]', '{"id":4,"name":"\\u5f20\\u4e09","mobile":"18888888888","province":"\\u5e7f\\u4e1c\\u7701","city":"\\u5e7f\\u5dde\\u5e02","country":"\\u5929\\u6cb3\\u533a","detail":"\\u67d0\\u5df7\\u67d0\\u53f7","delete_time":null,"user_id":1,"update_time":"1970-01-01 08:00:00"}', NULL),
(5, 'A804186607678130', 1, NULL, 1501818660, '0.02', 1, 'http://www.problem.com/images/product-rice@1.png', 'Á¥†Á±≥ 327ÂÖã', 2, 1501818660, '[{"id":3,"haveStock":true,"count":2,"name":"\\u7d20\\u7c73 327\\u514b","totalPrice":0.02}]', '{"id":4,"name":"\\u5f20\\u4e09","mobile":"18888888888","province":"\\u5e7f\\u4e1c\\u7701","city":"\\u5e7f\\u5dde\\u5e02","country":"\\u5929\\u6cb3\\u533a","detail":"\\u67d0\\u5df7\\u67d0\\u53f7","delete_time":null,"user_id":1,"update_time":"1970-01-01 08:00:00"}', NULL),
(6, 'A804221430864012', 1, NULL, 1501822143, '0.05', 1, 'http://www.problem.com/images/product-rice@1.png', 'Á¥†Á±≥ 327ÂÖã', 5, 1501822143, '[{"id":3,"haveStock":true,"count":5,"name":"\\u7d20\\u7c73 327\\u514b","totalPrice":0.05}]', '{"id":4,"name":"\\u5f20\\u4e09","mobile":"18888888888","province":"\\u5e7f\\u4e1c\\u7701","city":"\\u5e7f\\u5dde\\u5e02","country":"\\u5929\\u6cb3\\u533a","detail":"\\u67d0\\u5df7\\u67d0\\u53f7","delete_time":null,"user_id":1,"update_time":"1970-01-01 08:00:00"}', NULL),
(7, 'A804224539056025', 1, NULL, 1501822453, '0.05', 2, 'http://www.problem.com/images/product-rice@1.png', 'Á¥†Á±≥ 327ÂÖã', 5, 1501822453, '[{"id":3,"haveStock":true,"count":5,"name":"\\u7d20\\u7c73 327\\u514b","totalPrice":0.05}]', '{"id":4,"name":"\\u5f20\\u4e09","mobile":"18888888888","province":"\\u5e7f\\u4e1c\\u7701","city":"\\u5e7f\\u5dde\\u5e02","country":"\\u5929\\u6cb3\\u533a","detail":"\\u67d0\\u5df7\\u67d0\\u53f7","delete_time":null,"user_id":1,"update_time":"1970-01-01 08:00:00"}', NULL),
(8, 'A804248709784947', 1, NULL, 1501824870, '0.05', 1, 'http://www.problem.com/images/product-rice@1.png', 'Á¥†Á±≥ 327ÂÖã', 5, 1501824870, '[{"id":3,"haveStock":true,"count":5,"name":"\\u7d20\\u7c73 327\\u514b","totalPrice":0.05}]', '{"id":4,"name":"\\u5f20\\u4e09","mobile":"18888888888","province":"\\u5e7f\\u4e1c\\u7701","city":"\\u5e7f\\u5dde\\u5e02","country":"\\u5929\\u6cb3\\u533a","detail":"\\u67d0\\u5df7\\u67d0\\u53f7","delete_time":null,"user_id":1,"update_time":"1970-01-01 08:00:00"}', NULL),
(9, 'A804250518542684', 1, NULL, 1501825051, '0.05', 2, 'http://www.problem.com/images/product-rice@1.png', 'Á¥†Á±≥ 327ÂÖã', 5, 1501825051, '[{"id":3,"haveStock":true,"count":5,"name":"\\u7d20\\u7c73 327\\u514b","totalPrice":0.05}]', '{"id":4,"name":"\\u5f20\\u4e09","mobile":"18888888888","province":"\\u5e7f\\u4e1c\\u7701","city":"\\u5e7f\\u5dde\\u5e02","country":"\\u5929\\u6cb3\\u533a","detail":"\\u67d0\\u5df7\\u67d0\\u53f7","delete_time":null,"user_id":1,"update_time":"1970-01-01 08:00:00"}', NULL),
(10, 'A804253343402621', 1, NULL, 1501825334, '0.05', 1, 'http://www.problem.com/images/product-rice@1.png', 'Á¥†Á±≥ 327ÂÖã', 5, 1501825334, '[{"id":3,"haveStock":true,"count":5,"name":"\\u7d20\\u7c73 327\\u514b","totalPrice":0.05}]', '{"id":4,"name":"\\u5f20\\u4e09","mobile":"18888888888","province":"\\u5e7f\\u4e1c\\u7701","city":"\\u5e7f\\u5dde\\u5e02","country":"\\u5929\\u6cb3\\u533a","detail":"\\u67d0\\u5df7\\u67d0\\u53f7","delete_time":null,"user_id":1,"update_time":"1970-01-01 08:00:00"}', NULL),
(11, 'A804253516352670', 1, NULL, 1501825351, '0.05', 2, 'http://www.problem.com/images/product-rice@1.png', 'Á¥†Á±≥ 327ÂÖã', 5, 1501825351, '[{"id":3,"haveStock":true,"count":5,"name":"\\u7d20\\u7c73 327\\u514b","totalPrice":0.05}]', '{"id":4,"name":"\\u5f20\\u4e09","mobile":"18888888888","province":"\\u5e7f\\u4e1c\\u7701","city":"\\u5e7f\\u5dde\\u5e02","country":"\\u5929\\u6cb3\\u533a","detail":"\\u67d0\\u5df7\\u67d0\\u53f7","delete_time":null,"user_id":1,"update_time":"1970-01-01 08:00:00"}', NULL),
(12, 'A804253855572628', 1, NULL, 1501825385, '0.05', 1, 'http://www.problem.com/images/product-rice@1.png', 'Á¥†Á±≥ 327ÂÖã', 5, 1501825385, '[{"id":3,"haveStock":true,"count":5,"name":"\\u7d20\\u7c73 327\\u514b","totalPrice":0.05}]', '{"id":4,"name":"\\u5f20\\u4e09","mobile":"18888888888","province":"\\u5e7f\\u4e1c\\u7701","city":"\\u5e7f\\u5dde\\u5e02","country":"\\u5929\\u6cb3\\u533a","detail":"\\u67d0\\u5df7\\u67d0\\u53f7","delete_time":null,"user_id":1,"update_time":"1970-01-01 08:00:00"}', NULL),
(13, 'A804253883782663', 1, NULL, 1501825388, '0.05', 1, 'http://www.problem.com/images/product-rice@1.png', 'Á¥†Á±≥ 327ÂÖã', 5, 1501825388, '[{"id":3,"haveStock":true,"count":5,"name":"\\u7d20\\u7c73 327\\u514b","totalPrice":0.05}]', '{"id":4,"name":"\\u5f20\\u4e09","mobile":"18888888888","province":"\\u5e7f\\u4e1c\\u7701","city":"\\u5e7f\\u5dde\\u5e02","country":"\\u5929\\u6cb3\\u533a","detail":"\\u67d0\\u5df7\\u67d0\\u53f7","delete_time":null,"user_id":1,"update_time":"1970-01-01 08:00:00"}', NULL),
(14, 'A804273455782600', 1, NULL, 1501827345, '0.05', 1, 'http://www.problem.com/images/product-vg@1.png', 'ËäπËèú ÂçäÊñ§Á≠â', 5, 1501827345, '[{"id":1,"haveStock":true,"count":2,"name":"\\u82b9\\u83dc \\u534a\\u65a4","totalPrice":0.02},{"id":2,"haveStock":true,"count":2,"name":"\\u68a8\\u82b1\\u5e26\\u96e8 3\\u4e2a","totalPrice":0.02},{"id":5,"haveStock":true,"count":1,"name":"\\u6625\\u751f\\u9f99\\u773c 500\\u514b","totalPrice":0.01}]', '{"id":4,"name":"\\u5f20\\u4e09","mobile":"18888888888","province":"\\u5e7f\\u4e1c\\u7701","city":"\\u5e7f\\u5dde\\u5e02","country":"\\u5929\\u6cb3\\u533a","detail":"\\u67d0\\u5df7\\u67d0\\u53f7","delete_time":null,"user_id":1,"update_time":"1970-01-01 08:00:00"}', NULL),
(15, 'A804275573772644', 1, NULL, 1501827557, '0.05', 1, 'http://www.problem.com/images/product-vg@1.png', 'ËäπËèú ÂçäÊñ§Á≠â', 5, 1501827557, '[{"id":1,"haveStock":true,"count":2,"name":"\\u82b9\\u83dc \\u534a\\u65a4","totalPrice":0.02},{"id":2,"haveStock":true,"count":2,"name":"\\u68a8\\u82b1\\u5e26\\u96e8 3\\u4e2a","totalPrice":0.02},{"id":5,"haveStock":true,"count":1,"name":"\\u6625\\u751f\\u9f99\\u773c 500\\u514b","totalPrice":0.01}]', '{"id":4,"name":"\\u5f20\\u4e09","mobile":"18888888888","province":"\\u5e7f\\u4e1c\\u7701","city":"\\u5e7f\\u5dde\\u5e02","country":"\\u5929\\u6cb3\\u533a","detail":"\\u67d0\\u5df7\\u67d0\\u53f7","delete_time":null,"user_id":1,"update_time":"1970-01-01 08:00:00"}', NULL),
(16, 'A804279991042650', 1, NULL, 1501827999, '0.05', 1, 'http://www.problem.com/images/product-vg@1.png', 'ËäπËèú ÂçäÊñ§Á≠â', 5, 1501827999, '[{"id":1,"haveStock":true,"count":2,"name":"\\u82b9\\u83dc \\u534a\\u65a4","totalPrice":0.02},{"id":2,"haveStock":true,"count":2,"name":"\\u68a8\\u82b1\\u5e26\\u96e8 3\\u4e2a","totalPrice":0.02},{"id":5,"haveStock":true,"count":1,"name":"\\u6625\\u751f\\u9f99\\u773c 500\\u514b","totalPrice":0.01}]', '{"id":4,"name":"\\u5f20\\u4e09","mobile":"18888888888","province":"\\u5e7f\\u4e1c\\u7701","city":"\\u5e7f\\u5dde\\u5e02","country":"\\u5929\\u6cb3\\u533a","detail":"\\u67d0\\u5df7\\u67d0\\u53f7","delete_time":null,"user_id":1,"update_time":"1970-01-01 08:00:00"}', NULL),
(17, 'A804281309232602', 1, NULL, 1501828130, '0.05', 1, 'http://www.problem.com/images/product-vg@1.png', 'ËäπËèú ÂçäÊñ§Á≠â', 5, 1501828130, '[{"id":1,"haveStock":true,"count":2,"name":"\\u82b9\\u83dc \\u534a\\u65a4","totalPrice":0.02},{"id":2,"haveStock":true,"count":2,"name":"\\u68a8\\u82b1\\u5e26\\u96e8 3\\u4e2a","totalPrice":0.02},{"id":5,"haveStock":true,"count":1,"name":"\\u6625\\u751f\\u9f99\\u773c 500\\u514b","totalPrice":0.01}]', '{"id":4,"name":"\\u5f20\\u4e09","mobile":"18888888888","province":"\\u5e7f\\u4e1c\\u7701","city":"\\u5e7f\\u5dde\\u5e02","country":"\\u5929\\u6cb3\\u533a","detail":"\\u67d0\\u5df7\\u67d0\\u53f7","delete_time":null,"user_id":1,"update_time":"1970-01-01 08:00:00"}', NULL),
(18, 'A804282242932664', 1, NULL, 1501828224, '0.05', 1, 'http://www.problem.com/images/product-vg@1.png', 'ËäπËèú ÂçäÊñ§Á≠â', 5, 1501828224, '[{"id":1,"haveStock":true,"count":2,"name":"\\u82b9\\u83dc \\u534a\\u65a4","totalPrice":0.02},{"id":2,"haveStock":true,"count":2,"name":"\\u68a8\\u82b1\\u5e26\\u96e8 3\\u4e2a","totalPrice":0.02},{"id":5,"haveStock":true,"count":1,"name":"\\u6625\\u751f\\u9f99\\u773c 500\\u514b","totalPrice":0.01}]', '{"id":4,"name":"\\u5f20\\u4e09","mobile":"18888888888","province":"\\u5e7f\\u4e1c\\u7701","city":"\\u5e7f\\u5dde\\u5e02","country":"\\u5929\\u6cb3\\u533a","detail":"\\u67d0\\u5df7\\u67d0\\u53f7","delete_time":null,"user_id":1,"update_time":"1970-01-01 08:00:00"}', NULL),
(19, 'A804282711972667', 1, NULL, 1501828271, '0.05', 1, 'http://www.problem.com/images/product-vg@1.png', 'ËäπËèú ÂçäÊñ§Á≠â', 5, 1501828271, '[{"id":1,"haveStock":true,"count":2,"name":"\\u82b9\\u83dc \\u534a\\u65a4","totalPrice":0.02},{"id":2,"haveStock":true,"count":2,"name":"\\u68a8\\u82b1\\u5e26\\u96e8 3\\u4e2a","totalPrice":0.02},{"id":5,"haveStock":true,"count":1,"name":"\\u6625\\u751f\\u9f99\\u773c 500\\u514b","totalPrice":0.01}]', '{"id":4,"name":"\\u5f20\\u4e09","mobile":"18888888888","province":"\\u5e7f\\u4e1c\\u7701","city":"\\u5e7f\\u5dde\\u5e02","country":"\\u5929\\u6cb3\\u533a","detail":"\\u67d0\\u5df7\\u67d0\\u53f7","delete_time":null,"user_id":1,"update_time":"1970-01-01 08:00:00"}', NULL),
(20, 'A804283737382641', 1, NULL, 1501828373, '0.05', 1, 'http://www.problem.com/images/product-vg@1.png', 'ËäπËèú ÂçäÊñ§Á≠â', 5, 1501828373, '[{"id":1,"haveStock":true,"count":2,"name":"\\u82b9\\u83dc \\u534a\\u65a4","totalPrice":0.02},{"id":2,"haveStock":true,"count":2,"name":"\\u68a8\\u82b1\\u5e26\\u96e8 3\\u4e2a","totalPrice":0.02},{"id":5,"haveStock":true,"count":1,"name":"\\u6625\\u751f\\u9f99\\u773c 500\\u514b","totalPrice":0.01}]', '{"id":4,"name":"\\u5f20\\u4e09","mobile":"18888888888","province":"\\u5e7f\\u4e1c\\u7701","city":"\\u5e7f\\u5dde\\u5e02","country":"\\u5929\\u6cb3\\u533a","detail":"\\u67d0\\u5df7\\u67d0\\u53f7","delete_time":null,"user_id":1,"update_time":"1970-01-01 08:00:00"}', NULL),
(21, 'A804284297962637', 1, NULL, 1501828429, '0.05', 1, 'http://www.problem.com/images/product-vg@1.png', 'ËäπËèú ÂçäÊñ§Á≠â', 5, 1501828429, '[{"id":1,"haveStock":true,"count":2,"name":"\\u82b9\\u83dc \\u534a\\u65a4","totalPrice":0.02},{"id":2,"haveStock":true,"count":2,"name":"\\u68a8\\u82b1\\u5e26\\u96e8 3\\u4e2a","totalPrice":0.02},{"id":5,"haveStock":true,"count":1,"name":"\\u6625\\u751f\\u9f99\\u773c 500\\u514b","totalPrice":0.01}]', '{"id":4,"name":"\\u5f20\\u4e09","mobile":"18888888888","province":"\\u5e7f\\u4e1c\\u7701","city":"\\u5e7f\\u5dde\\u5e02","country":"\\u5929\\u6cb3\\u533a","detail":"\\u67d0\\u5df7\\u67d0\\u53f7","delete_time":null,"user_id":1,"update_time":"1970-01-01 08:00:00"}', NULL),
(22, 'A804286376672648', 1, NULL, 1501828637, '0.05', 1, 'http://www.problem.com/images/product-vg@1.png', 'ËäπËèú ÂçäÊñ§Á≠â', 5, 1501828637, '[{"id":1,"haveStock":true,"count":2,"name":"\\u82b9\\u83dc \\u534a\\u65a4","totalPrice":0.02},{"id":2,"haveStock":true,"count":2,"name":"\\u68a8\\u82b1\\u5e26\\u96e8 3\\u4e2a","totalPrice":0.02},{"id":5,"haveStock":true,"count":1,"name":"\\u6625\\u751f\\u9f99\\u773c 500\\u514b","totalPrice":0.01}]', '{"id":4,"name":"\\u5f20\\u4e09","mobile":"18888888888","province":"\\u5e7f\\u4e1c\\u7701","city":"\\u5e7f\\u5dde\\u5e02","country":"\\u5929\\u6cb3\\u533a","detail":"\\u67d0\\u5df7\\u67d0\\u53f7","delete_time":null,"user_id":1,"update_time":"1970-01-01 08:00:00"}', NULL),
(23, 'A804287126722640', 1, NULL, 1501828712, '0.05', 1, 'http://www.problem.com/images/product-vg@1.png', 'ËäπËèú ÂçäÊñ§Á≠â', 5, 1501828712, '[{"id":1,"haveStock":true,"count":2,"name":"\\u82b9\\u83dc \\u534a\\u65a4","totalPrice":0.02},{"id":2,"haveStock":true,"count":2,"name":"\\u68a8\\u82b1\\u5e26\\u96e8 3\\u4e2a","totalPrice":0.02},{"id":5,"haveStock":true,"count":1,"name":"\\u6625\\u751f\\u9f99\\u773c 500\\u514b","totalPrice":0.01}]', '{"id":4,"name":"\\u5f20\\u4e09","mobile":"18888888888","province":"\\u5e7f\\u4e1c\\u7701","city":"\\u5e7f\\u5dde\\u5e02","country":"\\u5929\\u6cb3\\u533a","detail":"\\u67d0\\u5df7\\u67d0\\u53f7","delete_time":null,"user_id":1,"update_time":"1970-01-01 08:00:00"}', NULL),
(24, 'A804290646292672', 1, NULL, 1501829064, '0.05', 1, 'http://www.problem.com/images/product-vg@1.png', 'ËäπËèú ÂçäÊñ§Á≠â', 5, 1501829064, '[{"id":1,"haveStock":true,"count":2,"name":"\\u82b9\\u83dc \\u534a\\u65a4","totalPrice":0.02},{"id":2,"haveStock":true,"count":2,"name":"\\u68a8\\u82b1\\u5e26\\u96e8 3\\u4e2a","totalPrice":0.02},{"id":5,"haveStock":true,"count":1,"name":"\\u6625\\u751f\\u9f99\\u773c 500\\u514b","totalPrice":0.01}]', '{"id":4,"name":"\\u5f20\\u4e09","mobile":"18888888888","province":"\\u5e7f\\u4e1c\\u7701","city":"\\u5e7f\\u5dde\\u5e02","country":"\\u5929\\u6cb3\\u533a","detail":"\\u67d0\\u5df7\\u67d0\\u53f7","delete_time":null,"user_id":1,"update_time":"1970-01-01 08:00:00"}', NULL),
(25, 'A804291974572656', 1, NULL, 1501829197, '0.05', 1, 'http://www.problem.com/images/product-vg@1.png', 'ËäπËèú ÂçäÊñ§Á≠â', 5, 1501829197, '[{"id":1,"haveStock":true,"count":2,"name":"\\u82b9\\u83dc \\u534a\\u65a4","totalPrice":0.02},{"id":2,"haveStock":true,"count":2,"name":"\\u68a8\\u82b1\\u5e26\\u96e8 3\\u4e2a","totalPrice":0.02},{"id":5,"haveStock":true,"count":1,"name":"\\u6625\\u751f\\u9f99\\u773c 500\\u514b","totalPrice":0.01}]', '{"id":4,"name":"\\u5f20\\u4e09","mobile":"18888888888","province":"\\u5e7f\\u4e1c\\u7701","city":"\\u5e7f\\u5dde\\u5e02","country":"\\u5929\\u6cb3\\u533a","detail":"\\u67d0\\u5df7\\u67d0\\u53f7","delete_time":null,"user_id":1,"update_time":"1970-01-01 08:00:00"}', NULL),
(26, 'A804292883362616', 1, NULL, 1501829288, '0.05', 1, 'http://www.problem.com/images/product-vg@1.png', 'ËäπËèú ÂçäÊñ§Á≠â', 5, 1501829288, '[{"id":1,"haveStock":true,"count":2,"name":"\\u82b9\\u83dc \\u534a\\u65a4","totalPrice":0.02},{"id":2,"haveStock":true,"count":2,"name":"\\u68a8\\u82b1\\u5e26\\u96e8 3\\u4e2a","totalPrice":0.02},{"id":5,"haveStock":true,"count":1,"name":"\\u6625\\u751f\\u9f99\\u773c 500\\u514b","totalPrice":0.01}]', '{"id":4,"name":"\\u5f20\\u4e09","mobile":"18888888888","province":"\\u5e7f\\u4e1c\\u7701","city":"\\u5e7f\\u5dde\\u5e02","country":"\\u5929\\u6cb3\\u533a","detail":"\\u67d0\\u5df7\\u67d0\\u53f7","delete_time":null,"user_id":1,"update_time":"1970-01-01 08:00:00"}', NULL),
(27, 'A804293364082654', 1, NULL, 1501829336, '0.05', 1, 'http://www.problem.com/images/product-vg@1.png', 'ËäπËèú ÂçäÊñ§Á≠â', 5, 1501829336, '[{"id":1,"haveStock":true,"count":2,"name":"\\u82b9\\u83dc \\u534a\\u65a4","totalPrice":0.02},{"id":2,"haveStock":true,"count":2,"name":"\\u68a8\\u82b1\\u5e26\\u96e8 3\\u4e2a","totalPrice":0.02},{"id":5,"haveStock":true,"count":1,"name":"\\u6625\\u751f\\u9f99\\u773c 500\\u514b","totalPrice":0.01}]', '{"id":4,"name":"\\u5f20\\u4e09","mobile":"18888888888","province":"\\u5e7f\\u4e1c\\u7701","city":"\\u5e7f\\u5dde\\u5e02","country":"\\u5929\\u6cb3\\u533a","detail":"\\u67d0\\u5df7\\u67d0\\u53f7","delete_time":null,"user_id":1,"update_time":"1970-01-01 08:00:00"}', NULL),
(28, 'A804293701252616', 1, NULL, 1501829370, '0.05', 1, 'http://www.problem.com/images/product-vg@1.png', 'ËäπËèú ÂçäÊñ§Á≠â', 5, 1501829370, '[{"id":1,"haveStock":true,"count":2,"name":"\\u82b9\\u83dc \\u534a\\u65a4","totalPrice":0.02},{"id":2,"haveStock":true,"count":2,"name":"\\u68a8\\u82b1\\u5e26\\u96e8 3\\u4e2a","totalPrice":0.02},{"id":5,"haveStock":true,"count":1,"name":"\\u6625\\u751f\\u9f99\\u773c 500\\u514b","totalPrice":0.01}]', '{"id":4,"name":"\\u5f20\\u4e09","mobile":"18888888888","province":"\\u5e7f\\u4e1c\\u7701","city":"\\u5e7f\\u5dde\\u5e02","country":"\\u5929\\u6cb3\\u533a","detail":"\\u67d0\\u5df7\\u67d0\\u53f7","delete_time":null,"user_id":1,"update_time":"1970-01-01 08:00:00"}', NULL),
(29, 'A804294975382600', 1, NULL, 1501829497, '0.02', 1, 'http://www.problem.com/images/product-dryfruit@8.png', 'Á∫¢Ë°£ÈùíÁìú Ê∑∑Êê≠160ÂÖã', 2, 1501829497, '[{"id":26,"haveStock":true,"count":2,"name":"\\u7ea2\\u8863\\u9752\\u74dc \\u6df7\\u642d160\\u514b","totalPrice":0.02}]', '{"id":4,"name":"\\u5f20\\u4e09","mobile":"18888888888","province":"\\u5e7f\\u4e1c\\u7701","city":"\\u5e7f\\u5dde\\u5e02","country":"\\u5929\\u6cb3\\u533a","detail":"\\u67d0\\u5df7\\u67d0\\u53f7","delete_time":null,"user_id":1,"update_time":"1970-01-01 08:00:00"}', NULL),
(30, 'A804311598222679', 1, NULL, 1501831159, '0.01', 1, 'http://www.problem.com/images/product-dryfruit@8.png', 'Á∫¢Ë°£ÈùíÁìú Ê∑∑Êê≠160ÂÖã', 1, 1501831159, '[{"id":26,"haveStock":true,"count":1,"name":"\\u7ea2\\u8863\\u9752\\u74dc \\u6df7\\u642d160\\u514b","totalPrice":0.01}]', '{"id":4,"name":"\\u5f20\\u4e09","mobile":"18888888888","province":"\\u5e7f\\u4e1c\\u7701","city":"\\u5e7f\\u5dde\\u5e02","country":"\\u5929\\u6cb3\\u533a","detail":"\\u67d0\\u5df7\\u67d0\\u53f7","delete_time":null,"user_id":1,"update_time":"1970-01-01 08:00:00"}', NULL),
(31, 'A804311755122635', 1, NULL, 1501831175, '0.01', 1, 'http://www.problem.com/images/product-dryfruit@7.png', 'ÁèçÂ•áÂºÇÊûú 3‰∏™', 1, 1501831175, '[{"id":12,"haveStock":true,"count":1,"name":"\\u73cd\\u5947\\u5f02\\u679c 3\\u4e2a","totalPrice":0.01}]', '{"id":4,"name":"\\u5f20\\u4e09","mobile":"18888888888","province":"\\u5e7f\\u4e1c\\u7701","city":"\\u5e7f\\u5dde\\u5e02","country":"\\u5929\\u6cb3\\u533a","detail":"\\u67d0\\u5df7\\u67d0\\u53f7","delete_time":null,"user_id":1,"update_time":"1970-01-01 08:00:00"}', NULL),
(32, 'A804313471948168', 1, NULL, 1501831347, '0.01', 1, 'http://www.problem.com/images/product-dryfruit@5.png', '‰∏áÁ¥´ÂçÉÂá§Ê¢® 300ÂÖã', 1, 1501831347, '[{"id":10,"haveStock":true,"count":1,"name":"\\u4e07\\u7d2b\\u5343\\u51e4\\u68a8 300\\u514b","totalPrice":0.01}]', '{"id":4,"name":"\\u5f20\\u4e09","mobile":"18888888888","province":"\\u5e7f\\u4e1c\\u7701","city":"\\u5e7f\\u5dde\\u5e02","country":"\\u5929\\u6cb3\\u533a","detail":"\\u67d0\\u5df7\\u67d0\\u53f7","delete_time":null,"user_id":1,"update_time":"1970-01-01 08:00:00"}', NULL),
(33, 'A804313857969514', 1, NULL, 1501831385, '0.01', 1, 'http://www.problem.com/images/product-dryfruit@1.png', 'Ê¢®Ëä±Â∏¶Èõ® 3‰∏™', 1, 1501831385, '[{"id":2,"haveStock":true,"count":1,"name":"\\u68a8\\u82b1\\u5e26\\u96e8 3\\u4e2a","totalPrice":0.01}]', '{"id":4,"name":"\\u5f20\\u4e09","mobile":"18888888888","province":"\\u5e7f\\u4e1c\\u7701","city":"\\u5e7f\\u5dde\\u5e02","country":"\\u5929\\u6cb3\\u533a","detail":"\\u67d0\\u5df7\\u67d0\\u53f7","delete_time":null,"user_id":1,"update_time":"1970-01-01 08:00:00"}', NULL),
(34, 'A804315859192601', 1, NULL, 1501831585, '0.01', 1, 'http://www.problem.com/images/product-dryfruit-a@6.png', 'Ë¥µÂ¶ÉÁ¨ë 100ÂÖã', 1, 1501831585, '[{"id":11,"haveStock":true,"count":1,"name":"\\u8d35\\u5983\\u7b11 100\\u514b","totalPrice":0.01}]', '{"id":4,"name":"\\u5f20\\u4e09","mobile":"18888888888","province":"\\u5e7f\\u4e1c\\u7701","city":"\\u5e7f\\u5dde\\u5e02","country":"\\u5929\\u6cb3\\u533a","detail":"\\u67d0\\u5df7\\u67d0\\u53f7","delete_time":null,"user_id":1,"update_time":"1970-01-01 08:00:00"}', NULL),
(35, 'A804321892222653', 1, NULL, 1501832189, '0.01', 1, 'http://www.problem.com/images/product-dryfruit@5.png', '‰∏áÁ¥´ÂçÉÂá§Ê¢® 300ÂÖã', 1, 1501832189, '[{"id":10,"haveStock":true,"count":1,"name":"\\u4e07\\u7d2b\\u5343\\u51e4\\u68a8 300\\u514b","totalPrice":0.01}]', '{"id":4,"name":"\\u5f20\\u4e09","mobile":"18888888888","province":"\\u5e7f\\u4e1c\\u7701","city":"\\u5e7f\\u5dde\\u5e02","country":"\\u5929\\u6cb3\\u533a","detail":"\\u67d0\\u5df7\\u67d0\\u53f7","delete_time":null,"user_id":1,"update_time":"1970-01-01 08:00:00"}', NULL),
(36, 'A804322286482691', 1, NULL, 1501832228, '0.01', 1, 'http://www.problem.com/images/product-dryfruit@7.png', 'ÁèçÂ•áÂºÇÊûú 3‰∏™', 1, 1501832228, '[{"id":12,"haveStock":true,"count":1,"name":"\\u73cd\\u5947\\u5f02\\u679c 3\\u4e2a","totalPrice":0.01}]', '{"id":4,"name":"\\u5f20\\u4e09","mobile":"18888888888","province":"\\u5e7f\\u4e1c\\u7701","city":"\\u5e7f\\u5dde\\u5e02","country":"\\u5929\\u6cb3\\u533a","detail":"\\u67d0\\u5df7\\u67d0\\u53f7","delete_time":null,"user_id":1,"update_time":"1970-01-01 08:00:00"}', NULL),
(37, 'A804323203012662', 1, NULL, 1501832320, '0.01', 1, 'http://www.problem.com/images/product-cake@2.png', 'Â∞èÁ∫¢ÁöÑÁå™ËÄ≥Êúµ 120ÂÖã', 1, 1501832320, '[{"id":6,"haveStock":true,"count":1,"name":"\\u5c0f\\u7ea2\\u7684\\u732a\\u8033\\u6735 120\\u514b","totalPrice":0.01}]', '{"id":4,"name":"\\u5f20\\u4e09","mobile":"18888888888","province":"\\u5e7f\\u4e1c\\u7701","city":"\\u5e7f\\u5dde\\u5e02","country":"\\u5929\\u6cb3\\u533a","detail":"\\u67d0\\u5df7\\u67d0\\u53f7","delete_time":null,"user_id":1,"update_time":"1970-01-01 08:00:00"}', NULL),
(38, 'A804323970282682', 1, NULL, 1501832397, '0.01', 1, 'http://www.problem.com/images/product-dryfruit@2.png', 'Êò•ÁîüÈæôÁúº 500ÂÖã', 1, 1501832397, '[{"id":5,"haveStock":true,"count":1,"name":"\\u6625\\u751f\\u9f99\\u773c 500\\u514b","totalPrice":0.01}]', '{"id":4,"name":"\\u5f20\\u4e09","mobile":"18888888888","province":"\\u5e7f\\u4e1c\\u7701","city":"\\u5e7f\\u5dde\\u5e02","country":"\\u5929\\u6cb3\\u533a","detail":"\\u67d0\\u5df7\\u67d0\\u53f7","delete_time":null,"user_id":1,"update_time":"1970-01-01 08:00:00"}', NULL),
(39, 'A804324507132686', 1, NULL, 1501832450, '0.01', 1, 'http://www.problem.com/images/product-dryfruit@2.png', 'Êò•ÁîüÈæôÁúº 500ÂÖã', 1, 1501832450, '[{"id":5,"haveStock":true,"count":1,"name":"\\u6625\\u751f\\u9f99\\u773c 500\\u514b","totalPrice":0.01}]', '{"id":4,"name":"\\u5f20\\u4e09","mobile":"18888888888","province":"\\u5e7f\\u4e1c\\u7701","city":"\\u5e7f\\u5dde\\u5e02","country":"\\u5929\\u6cb3\\u533a","detail":"\\u67d0\\u5df7\\u67d0\\u53f7","delete_time":null,"user_id":1,"update_time":"1970-01-01 08:00:00"}', NULL),
(40, 'A804325195812684', 1, NULL, 1501832519, '0.01', 1, 'http://www.problem.com/images/product-dryfruit@1.png', 'Ê¢®Ëä±Â∏¶Èõ® 3‰∏™', 1, 1501832519, '[{"id":2,"haveStock":true,"count":1,"name":"\\u68a8\\u82b1\\u5e26\\u96e8 3\\u4e2a","totalPrice":0.01}]', '{"id":4,"name":"\\u5f20\\u4e09","mobile":"18888888888","province":"\\u5e7f\\u4e1c\\u7701","city":"\\u5e7f\\u5dde\\u5e02","country":"\\u5929\\u6cb3\\u533a","detail":"\\u67d0\\u5df7\\u67d0\\u53f7","delete_time":null,"user_id":1,"update_time":"1970-01-01 08:00:00"}', NULL),
(41, 'A804328027772616', 1, NULL, 1501832802, '0.01', 1, 'http://www.problem.com/images/product-cake@2.png', 'Â∞èÁ∫¢ÁöÑÁå™ËÄ≥Êúµ 120ÂÖã', 1, 1501832802, '[{"id":6,"haveStock":true,"count":1,"name":"\\u5c0f\\u7ea2\\u7684\\u732a\\u8033\\u6735 120\\u514b","totalPrice":0.01}]', '{"id":4,"name":"\\u5f20\\u4e09","mobile":"18888888888","province":"\\u5e7f\\u4e1c\\u7701","city":"\\u5e7f\\u5dde\\u5e02","country":"\\u5929\\u6cb3\\u533a","detail":"\\u67d0\\u5df7\\u67d0\\u53f7","delete_time":null,"user_id":1,"update_time":"1970-01-01 08:00:00"}', NULL),
(42, 'A804328453842661', 1, NULL, 1501832845, '0.01', 1, 'http://www.problem.com/images/product-cake@2.png', 'Â∞èÁ∫¢ÁöÑÁå™ËÄ≥Êúµ 120ÂÖã', 1, 1501832845, '[{"id":6,"haveStock":true,"count":1,"name":"\\u5c0f\\u7ea2\\u7684\\u732a\\u8033\\u6735 120\\u514b","totalPrice":0.01}]', '{"id":4,"name":"\\u5f20\\u4e09","mobile":"18888888888","province":"\\u5e7f\\u4e1c\\u7701","city":"\\u5e7f\\u5dde\\u5e02","country":"\\u5929\\u6cb3\\u533a","detail":"\\u67d0\\u5df7\\u67d0\\u53f7","delete_time":null,"user_id":1,"update_time":"1970-01-01 08:00:00"}', NULL),
(43, 'A804329325332688', 1, NULL, 1501832932, '0.01', 2, 'http://www.problem.com/images/product-cake@2.png', 'Â∞èÁ∫¢ÁöÑÁå™ËÄ≥Êúµ 120ÂÖã', 1, 1501832932, '[{"id":6,"haveStock":true,"count":1,"name":"\\u5c0f\\u7ea2\\u7684\\u732a\\u8033\\u6735 120\\u514b","totalPrice":0.01}]', '{"id":4,"name":"\\u5f20\\u4e09","mobile":"18888888888","province":"\\u5e7f\\u4e1c\\u7701","city":"\\u5e7f\\u5dde\\u5e02","country":"\\u5929\\u6cb3\\u533a","detail":"\\u67d0\\u5df7\\u67d0\\u53f7","delete_time":null,"user_id":1,"update_time":"1970-01-01 08:00:00"}', NULL),
(44, 'A804330852762651', 1, NULL, 1501833085, '0.01', 1, 'http://www.problem.com/images/product-dryfruit-a@6.png', 'Ë¥µÂ¶ÉÁ¨ë 100ÂÖã', 1, 1501833085, '[{"id":11,"haveStock":true,"count":1,"name":"\\u8d35\\u5983\\u7b11 100\\u514b","totalPrice":0.01}]', '{"id":4,"name":"\\u5f20\\u4e09","mobile":"18888888888","province":"\\u5e7f\\u4e1c\\u7701","city":"\\u5e7f\\u5dde\\u5e02","country":"\\u5929\\u6cb3\\u533a","detail":"\\u67d0\\u5df7\\u67d0\\u53f7","delete_time":null,"user_id":1,"update_time":"1970-01-01 08:00:00"}', NULL),
(45, 'A804332110112612', 1, NULL, 1501833211, '0.01', 1, 'http://www.problem.com/images/product-dryfruit@5.png', '‰∏áÁ¥´ÂçÉÂá§Ê¢® 300ÂÖã', 1, 1501833211, '[{"id":10,"haveStock":true,"count":1,"name":"\\u4e07\\u7d2b\\u5343\\u51e4\\u68a8 300\\u514b","totalPrice":0.01}]', '{"id":4,"name":"\\u5f20\\u4e09","mobile":"18888888888","province":"\\u5e7f\\u4e1c\\u7701","city":"\\u5e7f\\u5dde\\u5e02","country":"\\u5929\\u6cb3\\u533a","detail":"\\u67d0\\u5df7\\u67d0\\u53f7","delete_time":null,"user_id":1,"update_time":"1970-01-01 08:00:00"}', NULL),
(46, 'A804334781102619', 1, NULL, 1501833478, '0.02', 1, 'http://www.problem.com/images/product-dryfruit@5.png', '‰∏áÁ¥´ÂçÉÂá§Ê¢® 300ÂÖã', 2, 1501833478, '[{"id":10,"haveStock":true,"count":2,"name":"\\u4e07\\u7d2b\\u5343\\u51e4\\u68a8 300\\u514b","totalPrice":0.02}]', '{"id":4,"name":"\\u5f20\\u4e09","mobile":"18888888888","province":"\\u5e7f\\u4e1c\\u7701","city":"\\u5e7f\\u5dde\\u5e02","country":"\\u5929\\u6cb3\\u533a","detail":"\\u67d0\\u5df7\\u67d0\\u53f7","delete_time":null,"user_id":1,"update_time":"1970-01-01 08:00:00"}', NULL),
(47, 'A804335206552639', 1, NULL, 1501833520, '0.01', 1, 'http://www.problem.com/images/product-dryfruit@5.png', '‰∏áÁ¥´ÂçÉÂá§Ê¢® 300ÂÖã', 1, 1501833520, '[{"id":10,"haveStock":true,"count":1,"name":"\\u4e07\\u7d2b\\u5343\\u51e4\\u68a8 300\\u514b","totalPrice":0.01}]', '{"id":4,"name":"\\u5f20\\u4e09","mobile":"18888888888","province":"\\u5e7f\\u4e1c\\u7701","city":"\\u5e7f\\u5dde\\u5e02","country":"\\u5929\\u6cb3\\u533a","detail":"\\u67d0\\u5df7\\u67d0\\u53f7","delete_time":null,"user_id":1,"update_time":"1970-01-01 08:00:00"}', NULL),
(48, 'A804337711492605', 1, NULL, 1501833771, '0.01', 1, 'http://www.problem.com/images/product-dryfruit@5.png', '‰∏áÁ¥´ÂçÉÂá§Ê¢® 300ÂÖã', 1, 1501833771, '[{"id":10,"haveStock":true,"count":1,"name":"\\u4e07\\u7d2b\\u5343\\u51e4\\u68a8 300\\u514b","totalPrice":0.01}]', '{"id":4,"name":"\\u5f20\\u4e09","mobile":"18888888888","province":"\\u5e7f\\u4e1c\\u7701","city":"\\u5e7f\\u5dde\\u5e02","country":"\\u5929\\u6cb3\\u533a","detail":"\\u67d0\\u5df7\\u67d0\\u53f7","delete_time":null,"user_id":1,"update_time":"1970-01-01 08:00:00"}', NULL),
(49, 'A804338619102678', 1, NULL, 1501833861, '0.01', 1, 'http://www.problem.com/images/product-cake@2.png', 'Â∞èÁ∫¢ÁöÑÁå™ËÄ≥Êúµ 120ÂÖã', 1, 1501833861, '[{"id":6,"haveStock":true,"count":1,"name":"\\u5c0f\\u7ea2\\u7684\\u732a\\u8033\\u6735 120\\u514b","totalPrice":0.01}]', '{"id":4,"name":"\\u5f20\\u4e09","mobile":"18888888888","province":"\\u5e7f\\u4e1c\\u7701","city":"\\u5e7f\\u5dde\\u5e02","country":"\\u5929\\u6cb3\\u533a","detail":"\\u67d0\\u5df7\\u67d0\\u53f7","delete_time":null,"user_id":1,"update_time":"1970-01-01 08:00:00"}', NULL),
(50, 'A804341823792623', 1, NULL, 1501834182, '0.01', 1, 'http://www.problem.com/images/product-cake@2.png', 'Â∞èÁ∫¢ÁöÑÁå™ËÄ≥Êúµ 120ÂÖã', 1, 1501834182, '[{"id":6,"haveStock":true,"count":1,"name":"\\u5c0f\\u7ea2\\u7684\\u732a\\u8033\\u6735 120\\u514b","totalPrice":0.01}]', '{"id":4,"name":"\\u5f20\\u4e09","mobile":"18888888888","province":"\\u5e7f\\u4e1c\\u7701","city":"\\u5e7f\\u5dde\\u5e02","country":"\\u5929\\u6cb3\\u533a","detail":"\\u67d0\\u5df7\\u67d0\\u53f7","delete_time":null,"user_id":1,"update_time":"1970-01-01 08:00:00"}', NULL),
(51, 'A804342527782626', 1, NULL, 1501834252, '0.01', 1, 'http://www.problem.com/images/product-dryfruit@5.png', '‰∏áÁ¥´ÂçÉÂá§Ê¢® 300ÂÖã', 1, 1501834252, '[{"id":10,"haveStock":true,"count":1,"name":"\\u4e07\\u7d2b\\u5343\\u51e4\\u68a8 300\\u514b","totalPrice":0.01}]', '{"id":4,"name":"\\u5f20\\u4e09","mobile":"18888888888","province":"\\u5e7f\\u4e1c\\u7701","city":"\\u5e7f\\u5dde\\u5e02","country":"\\u5929\\u6cb3\\u533a","detail":"\\u67d0\\u5df7\\u67d0\\u53f7","delete_time":null,"user_id":1,"update_time":"1970-01-01 08:00:00"}', NULL),
(52, 'A804343341492664', 1, NULL, 1501834334, '0.01', 1, 'http://www.problem.com/images/product-cake@2.png', 'Â∞èÁ∫¢ÁöÑÁå™ËÄ≥Êúµ 120ÂÖã', 1, 1501834334, '[{"id":6,"haveStock":true,"count":1,"name":"\\u5c0f\\u7ea2\\u7684\\u732a\\u8033\\u6735 120\\u514b","totalPrice":0.01}]', '{"id":4,"name":"\\u5f20\\u4e09","mobile":"18888888888","province":"\\u5e7f\\u4e1c\\u7701","city":"\\u5e7f\\u5dde\\u5e02","country":"\\u5929\\u6cb3\\u533a","detail":"\\u67d0\\u5df7\\u67d0\\u53f7","delete_time":null,"user_id":1,"update_time":"1970-01-01 08:00:00"}', NULL),
(53, 'A804343945862665', 1, NULL, 1501834394, '0.01', 1, 'http://www.problem.com/images/product-cake@2.png', 'Â∞èÁ∫¢ÁöÑÁå™ËÄ≥Êúµ 120ÂÖã', 1, 1501834394, '[{"id":6,"haveStock":true,"count":1,"name":"\\u5c0f\\u7ea2\\u7684\\u732a\\u8033\\u6735 120\\u514b","totalPrice":0.01}]', '{"id":4,"name":"\\u5f20\\u4e09","mobile":"18888888888","province":"\\u5e7f\\u4e1c\\u7701","city":"\\u5e7f\\u5dde\\u5e02","country":"\\u5929\\u6cb3\\u533a","detail":"\\u67d0\\u5df7\\u67d0\\u53f7","delete_time":null,"user_id":1,"update_time":"1970-01-01 08:00:00"}', NULL),
(54, 'A804345127002606', 1, NULL, 1501834512, '0.01', 1, 'http://www.problem.com/images/product-cake@2.png', 'Â∞èÁ∫¢ÁöÑÁå™ËÄ≥Êúµ 120ÂÖã', 1, 1501834512, '[{"id":6,"haveStock":true,"count":1,"name":"\\u5c0f\\u7ea2\\u7684\\u732a\\u8033\\u6735 120\\u514b","totalPrice":0.01}]', '{"id":4,"name":"\\u5f20\\u4e09","mobile":"18888888888","province":"\\u5e7f\\u4e1c\\u7701","city":"\\u5e7f\\u5dde\\u5e02","country":"\\u5929\\u6cb3\\u533a","detail":"\\u67d0\\u5df7\\u67d0\\u53f7","delete_time":null,"user_id":1,"update_time":"1970-01-01 08:00:00"}', NULL),
(55, 'A804347536292612', 1, NULL, 1501834753, '0.01', 1, 'http://www.problem.com/images/product-cake@2.png', 'Â∞èÁ∫¢ÁöÑÁå™ËÄ≥Êúµ 120ÂÖã', 1, 1501834753, '[{"id":6,"haveStock":true,"count":1,"name":"\\u5c0f\\u7ea2\\u7684\\u732a\\u8033\\u6735 120\\u514b","totalPrice":0.01}]', '{"id":4,"name":"\\u5f20\\u4e09","mobile":"18888888888","province":"\\u5e7f\\u4e1c\\u7701","city":"\\u5e7f\\u5dde\\u5e02","country":"\\u5929\\u6cb3\\u533a","detail":"\\u67d0\\u5df7\\u67d0\\u53f7","delete_time":null,"user_id":1,"update_time":"1970-01-01 08:00:00"}', NULL),
(56, 'A804348901062686', 1, NULL, 1501834890, '0.01', 1, 'http://www.problem.com/images/product-cake@2.png', 'Â∞èÁ∫¢ÁöÑÁå™ËÄ≥Êúµ 120ÂÖã', 1, 1501834890, '[{"id":6,"haveStock":true,"count":1,"name":"\\u5c0f\\u7ea2\\u7684\\u732a\\u8033\\u6735 120\\u514b","totalPrice":0.01}]', '{"id":4,"name":"\\u5f20\\u4e09","mobile":"18888888888","province":"\\u5e7f\\u4e1c\\u7701","city":"\\u5e7f\\u5dde\\u5e02","country":"\\u5929\\u6cb3\\u533a","detail":"\\u67d0\\u5df7\\u67d0\\u53f7","delete_time":null,"user_id":1,"update_time":"1970-01-01 08:00:00"}', NULL),
(57, 'A804350694562697', 1, NULL, 1501835069, '0.01', 1, 'http://www.problem.com/images/product-cake@2.png', 'Â∞èÁ∫¢ÁöÑÁå™ËÄ≥Êúµ 120ÂÖã', 1, 1501835069, '[{"id":6,"haveStock":true,"count":1,"name":"\\u5c0f\\u7ea2\\u7684\\u732a\\u8033\\u6735 120\\u514b","totalPrice":0.01}]', '{"id":4,"name":"\\u5f20\\u4e09","mobile":"18888888888","province":"\\u5e7f\\u4e1c\\u7701","city":"\\u5e7f\\u5dde\\u5e02","country":"\\u5929\\u6cb3\\u533a","detail":"\\u67d0\\u5df7\\u67d0\\u53f7","delete_time":null,"user_id":1,"update_time":"1970-01-01 08:00:00"}', NULL),
(58, 'A804351139792646', 1, NULL, 1501835113, '0.01', 1, 'http://www.problem.com/images/product-cake@2.png', 'Â∞èÁ∫¢ÁöÑÁå™ËÄ≥Êúµ 120ÂÖã', 1, 1501835113, '[{"id":6,"haveStock":true,"count":1,"name":"\\u5c0f\\u7ea2\\u7684\\u732a\\u8033\\u6735 120\\u514b","totalPrice":0.01}]', '{"id":4,"name":"\\u5f20\\u4e09","mobile":"18888888888","province":"\\u5e7f\\u4e1c\\u7701","city":"\\u5e7f\\u5dde\\u5e02","country":"\\u5929\\u6cb3\\u533a","detail":"\\u67d0\\u5df7\\u67d0\\u53f7","delete_time":null,"user_id":1,"update_time":"1970-01-01 08:00:00"}', NULL),
(59, 'A804352139502693', 1, NULL, 1501835213, '0.01', 1, 'http://www.problem.com/images/product-cake@2.png', 'Â∞èÁ∫¢ÁöÑÁå™ËÄ≥Êúµ 120ÂÖã', 1, 1501835213, '[{"id":6,"haveStock":true,"count":1,"name":"\\u5c0f\\u7ea2\\u7684\\u732a\\u8033\\u6735 120\\u514b","totalPrice":0.01}]', '{"id":4,"name":"\\u5f20\\u4e09","mobile":"18888888888","province":"\\u5e7f\\u4e1c\\u7701","city":"\\u5e7f\\u5dde\\u5e02","country":"\\u5929\\u6cb3\\u533a","detail":"\\u67d0\\u5df7\\u67d0\\u53f7","delete_time":null,"user_id":1,"update_time":"1970-01-01 08:00:00"}', NULL),
(60, 'A804353628732685', 1, NULL, 1501835362, '0.01', 1, 'http://www.problem.com/images/product-cake@2.png', 'Â∞èÁ∫¢ÁöÑÁå™ËÄ≥Êúµ 120ÂÖã', 1, 1501835362, '[{"id":6,"haveStock":true,"count":1,"name":"\\u5c0f\\u7ea2\\u7684\\u732a\\u8033\\u6735 120\\u514b","totalPrice":0.01}]', '{"id":4,"name":"\\u5f20\\u4e09","mobile":"18888888888","province":"\\u5e7f\\u4e1c\\u7701","city":"\\u5e7f\\u5dde\\u5e02","country":"\\u5929\\u6cb3\\u533a","detail":"\\u67d0\\u5df7\\u67d0\\u53f7","delete_time":null,"user_id":1,"update_time":"1970-01-01 08:00:00"}', NULL),
(61, 'A804354574002693', 1, NULL, 1501835457, '0.01', 1, 'http://www.problem.com/images/product-dryfruit@2.png', 'Êò•ÁîüÈæôÁúº 500ÂÖã', 1, 1501835457, '[{"id":5,"haveStock":true,"count":1,"name":"\\u6625\\u751f\\u9f99\\u773c 500\\u514b","totalPrice":0.01}]', '{"id":4,"name":"\\u5f20\\u4e09","mobile":"18888888888","province":"\\u5e7f\\u4e1c\\u7701","city":"\\u5e7f\\u5dde\\u5e02","country":"\\u5929\\u6cb3\\u533a","detail":"\\u67d0\\u5df7\\u67d0\\u53f7","delete_time":null,"user_id":1,"update_time":"1970-01-01 08:00:00"}', NULL),
(62, 'A804354886782689', 1, NULL, 1501835488, '0.01', 1, 'http://www.problem.com/images/product-cake@2.png', 'Â∞èÁ∫¢ÁöÑÁå™ËÄ≥Êúµ 120ÂÖã', 1, 1501835488, '[{"id":6,"haveStock":true,"count":1,"name":"\\u5c0f\\u7ea2\\u7684\\u732a\\u8033\\u6735 120\\u514b","totalPrice":0.01}]', '{"id":4,"name":"\\u5f20\\u4e09","mobile":"18888888888","province":"\\u5e7f\\u4e1c\\u7701","city":"\\u5e7f\\u5dde\\u5e02","country":"\\u5929\\u6cb3\\u533a","detail":"\\u67d0\\u5df7\\u67d0\\u53f7","delete_time":null,"user_id":1,"update_time":"1970-01-01 08:00:00"}', NULL),
(63, 'A804373742222693', 1, NULL, 1501837374, '0.01', 1, 'http://www.problem.com/images/product-dryfruit@2.png', 'Êò•ÁîüÈæôÁúº 500ÂÖã', 1, 1501837374, '[{"id":5,"haveStock":true,"count":1,"name":"\\u6625\\u751f\\u9f99\\u773c 500\\u514b","totalPrice":0.01}]', '{"id":4,"name":"\\u5f20\\u4e09","mobile":"18888888888","province":"\\u5e7f\\u4e1c\\u7701","city":"\\u5e7f\\u5dde\\u5e02","country":"\\u5929\\u6cb3\\u533a","detail":"\\u67d0\\u5df7\\u67d0\\u53f7","delete_time":null,"user_id":1,"update_time":"1970-01-01 08:00:00"}', NULL),
(64, 'A804375975922619', 1, NULL, 1501837597, '0.01', 1, 'http://www.problem.com/images/product-cake@2.png', 'Â∞èÁ∫¢ÁöÑÁå™ËÄ≥Êúµ 120ÂÖã', 1, 1501837597, '[{"id":6,"haveStock":true,"counts":1,"name":"\\u5c0f\\u7ea2\\u7684\\u732a\\u8033\\u6735 120\\u514b","price":"0.01","0":"main_img_url","totalPrice":0.01,"main_img_url":"http:\\/\\/www.problem.com\\/images\\/product-cake@2.png"}]', '{"id":4,"name":"\\u5f20\\u4e09","mobile":"18888888888","province":"\\u5e7f\\u4e1c\\u7701","city":"\\u5e7f\\u5dde\\u5e02","country":"\\u5929\\u6cb3\\u533a","detail":"\\u67d0\\u5df7\\u67d0\\u53f7","delete_time":null,"user_id":1,"update_time":"1970-01-01 08:00:00"}', NULL),
(65, 'A804385207092674', 1, NULL, 1501838520, '0.01', 2, 'http://www.problem.com/images/product-cake@2.png', 'Â∞èÁ∫¢ÁöÑÁå™ËÄ≥Êúµ 120ÂÖã', 1, 1501838520, '[{"id":6,"haveStock":true,"counts":1,"name":"\\u5c0f\\u7ea2\\u7684\\u732a\\u8033\\u6735 120\\u514b","price":"0.01","0":"main_img_url","totalPrice":0.01,"main_img_url":"http:\\/\\/www.problem.com\\/images\\/product-cake@2.png"}]', '{"id":4,"name":"\\u5f20\\u4e09","mobile":"18888888888","province":"\\u5e7f\\u4e1c\\u7701","city":"\\u5e7f\\u5dde\\u5e02","country":"\\u5929\\u6cb3\\u533a","detail":"\\u67d0\\u5df7\\u67d0\\u53f7","delete_time":null,"user_id":1,"update_time":"1970-01-01 08:00:00"}', NULL),
(66, 'A805244726421434', 1, NULL, 1501924472, '0.01', 2, 'http://www.problem.com/images/product-dryfruit@3.png', 'Â§èÊó•ËäíÊûú 3‰∏™', 1, 1501924472, '[{"id":8,"haveStock":true,"counts":1,"name":"\\u590f\\u65e5\\u8292\\u679c 3\\u4e2a","price":"0.01","0":"main_img_url","totalPrice":0.01,"main_img_url":"http:\\/\\/www.problem.com\\/images\\/product-dryfruit@3.png"}]', '{"id":4,"name":"\\u5f20\\u4e09","mobile":"18888888888","province":"\\u5e7f\\u4e1c\\u7701","city":"\\u5e7f\\u5dde\\u5e02","country":"\\u5929\\u6cb3\\u533a","detail":"\\u67d0\\u5df7\\u67d0\\u53f7","delete_time":null,"user_id":1,"update_time":"1970-01-01 08:00:00"}', NULL),
(67, 'A805283014839268', 1, NULL, 1501928301, '0.01', 1, 'http://www.problem.com/images/product-dryfruit@3.png', 'Â§èÊó•ËäíÊûú 3‰∏™', 1, 1501928301, '[{"id":8,"haveStock":true,"counts":1,"name":"\\u590f\\u65e5\\u8292\\u679c 3\\u4e2a","price":"0.01","0":"main_img_url","totalPrice":0.01,"main_img_url":"http:\\/\\/www.problem.com\\/images\\/product-dryfruit@3.png"}]', '{"id":4,"name":"\\u5f20\\u4e09","mobile":"18888888888","province":"\\u5e7f\\u4e1c\\u7701","city":"\\u5e7f\\u5dde\\u5e02","country":"\\u5929\\u6cb3\\u533a","detail":"\\u67d0\\u5df7\\u67d0\\u53f7","delete_time":null,"user_id":1,"update_time":"1970-01-01 08:00:00"}', NULL),
(68, 'A805303522221939', 1, NULL, 1501930352, '0.01', 1, 'http://www.problem.com/images/product-dryfruit@5.png', '‰∏áÁ¥´ÂçÉÂá§Ê¢® 300ÂÖã', 1, 1501930352, '[{"id":10,"haveStock":true,"counts":1,"name":"\\u4e07\\u7d2b\\u5343\\u51e4\\u68a8 300\\u514b","price":"0.01","0":"main_img_url","totalPrice":0.01,"main_img_url":"http:\\/\\/www.problem.com\\/images\\/product-dryfruit@5.png"}]', '{"id":4,"name":"\\u5f20\\u4e09","mobile":"18888888888","province":"\\u5e7f\\u4e1c\\u7701","city":"\\u5e7f\\u5dde\\u5e02","country":"\\u5929\\u6cb3\\u533a","detail":"\\u67d0\\u5df7\\u67d0\\u53f7","delete_time":null,"user_id":1,"update_time":"1970-01-01 08:00:00"}', NULL),
(69, 'A805305924042128', 1, NULL, 1501930592, '0.01', 2, 'http://www.problem.com/images/product-dryfruit@4.png', 'ÂÜ¨Êú®Á∫¢Êû£ 500ÂÖã', 1, 1501930592, '[{"id":9,"haveStock":true,"counts":1,"name":"\\u51ac\\u6728\\u7ea2\\u67a3 500\\u514b","price":"0.01","0":"main_img_url","totalPrice":0.01,"main_img_url":"http:\\/\\/www.problem.com\\/images\\/product-dryfruit@4.png"}]', '{"id":4,"name":"\\u5f20\\u4e09","mobile":"18888888888","province":"\\u5e7f\\u4e1c\\u7701","city":"\\u5e7f\\u5dde\\u5e02","country":"\\u5929\\u6cb3\\u533a","detail":"\\u67d0\\u5df7\\u67d0\\u53f7","delete_time":null,"user_id":1,"update_time":"1970-01-01 08:00:00"}', NULL),
(70, 'A805306015971383', 1, NULL, 1501930601, '0.01', 2, 'http://www.problem.com/images/product-dryfruit@4.png', 'ÂÜ¨Êú®Á∫¢Êû£ 500ÂÖã', 1, 1501930601, '[{"id":9,"haveStock":true,"counts":1,"name":"\\u51ac\\u6728\\u7ea2\\u67a3 500\\u514b","price":"0.01","0":"main_img_url","totalPrice":0.01,"main_img_url":"http:\\/\\/www.problem.com\\/images\\/product-dryfruit@4.png"}]', '{"id":4,"name":"\\u5f20\\u4e09","mobile":"18888888888","province":"\\u5e7f\\u4e1c\\u7701","city":"\\u5e7f\\u5dde\\u5e02","country":"\\u5929\\u6cb3\\u533a","detail":"\\u67d0\\u5df7\\u67d0\\u53f7","delete_time":null,"user_id":1,"update_time":"1970-01-01 08:00:00"}', NULL),
(71, 'A805307348874500', 1, NULL, 1501930734, '0.01', 1, 'http://www.problem.com/images/product-dryfruit@2.png', 'Êò•ÁîüÈæôÁúº 500ÂÖã', 1, 1501930734, '[{"id":5,"haveStock":true,"counts":1,"name":"\\u6625\\u751f\\u9f99\\u773c 500\\u514b","price":"0.01","0":"main_img_url","totalPrice":0.01,"main_img_url":"http:\\/\\/www.problem.com\\/images\\/product-dryfruit@2.png"}]', '{"id":4,"name":"\\u5f20\\u4e09","mobile":"18888888888","province":"\\u5e7f\\u4e1c\\u7701","city":"\\u5e7f\\u5dde\\u5e02","country":"\\u5929\\u6cb3\\u533a","detail":"\\u67d0\\u5df7\\u67d0\\u53f7","delete_time":null,"user_id":1,"update_time":"1970-01-01 08:00:00"}', NULL),
(72, 'A805384782570632', 1, NULL, 1501938478, '0.01', 1, 'http://www.problem.com/images/product-cake@2.png', 'Â∞èÁ∫¢ÁöÑÁå™ËÄ≥Êúµ 120ÂÖã', 1, 1501938478, '[{"id":6,"haveStock":true,"counts":1,"name":"\\u5c0f\\u7ea2\\u7684\\u732a\\u8033\\u6735 120\\u514b","price":"0.01","0":"main_img_url","totalPrice":0.01,"main_img_url":"http:\\/\\/www.problem.com\\/images\\/product-cake@2.png"}]', '{"id":4,"name":"\\u5f20\\u4e09","mobile":"18888888888","province":"\\u5e7f\\u4e1c\\u7701","city":"\\u5e7f\\u5dde\\u5e02","country":"\\u5929\\u6cb3\\u533a","detail":"\\u67d0\\u5df7\\u67d0\\u53f7","delete_time":null,"user_id":1,"update_time":"1970-01-01 08:00:00"}', NULL),
(73, 'A805385139040648', 1, NULL, 1501938513, '0.01', 1, 'http://www.problem.com/images/product-dryfruit@1.png', 'Ê¢®Ëä±Â∏¶Èõ® 3‰∏™', 1, 1501938513, '[{"id":2,"haveStock":true,"counts":1,"name":"\\u68a8\\u82b1\\u5e26\\u96e8 3\\u4e2a","price":"0.01","0":"main_img_url","totalPrice":0.01,"main_img_url":"http:\\/\\/www.problem.com\\/images\\/product-dryfruit@1.png"}]', '{"id":4,"name":"\\u5f20\\u4e09","mobile":"18888888888","province":"\\u5e7f\\u4e1c\\u7701","city":"\\u5e7f\\u5dde\\u5e02","country":"\\u5929\\u6cb3\\u533a","detail":"\\u67d0\\u5df7\\u67d0\\u53f7","delete_time":null,"user_id":1,"update_time":"1970-01-01 08:00:00"}', NULL),
(74, 'A805385746460690', 1, NULL, 1501938574, '0.01', 1, 'http://www.problem.com/images/product-dryfruit@4.png', 'ÂÜ¨Êú®Á∫¢Êû£ 500ÂÖã', 1, 1501938574, '[{"id":9,"haveStock":true,"counts":1,"name":"\\u51ac\\u6728\\u7ea2\\u67a3 500\\u514b","price":"0.01","0":"main_img_url","totalPrice":0.01,"main_img_url":"http:\\/\\/www.problem.com\\/images\\/product-dryfruit@4.png"}]', '{"id":4,"name":"\\u5f20\\u4e09","mobile":"18888888888","province":"\\u5e7f\\u4e1c\\u7701","city":"\\u5e7f\\u5dde\\u5e02","country":"\\u5929\\u6cb3\\u533a","detail":"\\u67d0\\u5df7\\u67d0\\u53f7","delete_time":null,"user_id":1,"update_time":"1970-01-01 08:00:00"}', NULL),
(75, 'A806098149194008', 1, NULL, 1502009814, '0.01', 1, 'http://www.problem.com/images/product-dryfruit@5.png', '‰∏áÁ¥´ÂçÉÂá§Ê¢® 300ÂÖã', 1, 1502009814, '[{"id":10,"haveStock":true,"counts":1,"name":"\\u4e07\\u7d2b\\u5343\\u51e4\\u68a8 300\\u514b","price":"0.01","0":"main_img_url","totalPrice":0.01,"main_img_url":"http:\\/\\/www.problem.com\\/images\\/product-dryfruit@5.png"}]', '{"id":4,"name":"\\u5f20\\u4e09","mobile":"18888888888","province":"\\u5e7f\\u4e1c\\u7701","city":"\\u5e7f\\u5dde\\u5e02","country":"\\u5929\\u6cb3\\u533a","detail":"\\u67d0\\u5df7\\u67d0\\u53f7","delete_time":null,"user_id":1,"update_time":"1970-01-01 08:00:00"}', NULL),
(76, 'A807923781363589', 2, NULL, 1502092378, '0.01', 1, 'http://www.problem.com/images/product-dryfruit@2.png', 'Êò•ÁîüÈæôÁúº 500ÂÖã', 1, 1502092378, '[{"id":5,"haveStock":true,"counts":1,"name":"\\u6625\\u751f\\u9f99\\u773c 500\\u514b","price":"0.01","0":"main_img_url","totalPrice":0.01,"main_img_url":"http:\\/\\/www.problem.com\\/images\\/product-dryfruit@2.png"}]', '{"id":1,"name":"\\u5f20\\u4e09","mobile":"18888888888","province":"\\u5e7f\\u4e1c\\u7701","city":"\\u5e7f\\u5dde\\u5e02","country":"\\u5929\\u6cb3\\u533a","detail":"\\u67d0\\u5df7\\u67d0\\u53f7","delete_time":null,"user_id":2,"update_time":"1970-01-01 08:00:00"}', NULL);

-- --------------------------------------------------------

--
-- Ë°®ÁöÑÁªìÊûÑ `order_product`
--

CREATE TABLE IF NOT EXISTS `order_product` (
  `order_id` int(11) NOT NULL COMMENT 'ËÅîÂêà‰∏ªÈîÆÔºåËÆ¢Âçïid',
  `product_id` int(11) NOT NULL COMMENT 'ËÅîÂêà‰∏ªÈîÆÔºåÂïÜÂìÅid',
  `count` int(11) NOT NULL COMMENT 'ÂïÜÂìÅÊï∞Èáè',
  `delete_time` int(11) DEFAULT NULL,
  `update_time` int(11) DEFAULT NULL,
  PRIMARY KEY (`product_id`,`order_id`)
) ENGINE=InnoDB DEFAULT CHARSET=utf8;

--
-- ËΩ¨Â≠òË°®‰∏≠ÁöÑÊï∞ÊçÆ `order_product`
--

INSERT INTO `order_product` (`order_id`, `product_id`, `count`, `delete_time`, `update_time`) VALUES
(14, 1, 2, NULL, NULL),
(15, 1, 2, NULL, NULL),
(16, 1, 2, NULL, NULL),
(17, 1, 2, NULL, NULL),
(18, 1, 2, NULL, NULL),
(19, 1, 2, NULL, NULL),
(20, 1, 2, NULL, NULL),
(21, 1, 2, NULL, NULL),
(22, 1, 2, NULL, NULL),
(23, 1, 2, NULL, NULL),
(24, 1, 2, NULL, NULL),
(25, 1, 2, NULL, NULL),
(26, 1, 2, NULL, NULL),
(27, 1, 2, NULL, NULL),
(28, 1, 2, NULL, NULL),
(14, 2, 2, NULL, NULL),
(15, 2, 2, NULL, NULL),
(16, 2, 2, NULL, NULL),
(17, 2, 2, NULL, NULL),
(18, 2, 2, NULL, NULL),
(19, 2, 2, NULL, NULL),
(20, 2, 2, NULL, NULL),
(21, 2, 2, NULL, NULL),
(22, 2, 2, NULL, NULL),
(23, 2, 2, NULL, NULL),
(24, 2, 2, NULL, NULL),
(25, 2, 2, NULL, NULL),
(26, 2, 2, NULL, NULL),
(27, 2, 2, NULL, NULL),
(28, 2, 2, NULL, NULL),
(33, 2, 1, NULL, NULL),
(40, 2, 1, NULL, NULL),
(73, 2, 1, NULL, NULL),
(5, 3, 2, NULL, NULL),
(6, 3, 5, NULL, NULL),
(7, 3, 5, NULL, NULL),
(8, 3, 5, NULL, NULL),
(9, 3, 5, NULL, NULL),
(10, 3, 5, NULL, NULL),
(11, 3, 5, NULL, NULL),
(12, 3, 5, NULL, NULL),
(13, 3, 5, NULL, NULL),
(1, 5, 2, NULL, NULL),
(2, 5, 2, NULL, NULL),
(3, 5, 2, NULL, NULL),
(4, 5, 2, NULL, NULL),
(14, 5, 1, NULL, NULL),
(15, 5, 1, NULL, NULL),
(16, 5, 1, NULL, NULL),
(17, 5, 1, NULL, NULL),
(18, 5, 1, NULL, NULL),
(19, 5, 1, NULL, NULL),
(20, 5, 1, NULL, NULL),
(21, 5, 1, NULL, NULL),
(22, 5, 1, NULL, NULL),
(23, 5, 1, NULL, NULL),
(24, 5, 1, NULL, NULL),
(25, 5, 1, NULL, NULL),
(26, 5, 1, NULL, NULL),
(27, 5, 1, NULL, NULL),
(28, 5, 1, NULL, NULL),
(38, 5, 1, NULL, NULL),
(39, 5, 1, NULL, NULL),
(61, 5, 1, NULL, NULL),
(63, 5, 1, NULL, NULL),
(71, 5, 1, NULL, NULL),
(76, 5, 1, NULL, NULL),
(37, 6, 1, NULL, NULL),
(41, 6, 1, NULL, NULL),
(42, 6, 1, NULL, NULL),
(43, 6, 1, NULL, NULL),
(49, 6, 1, NULL, NULL),
(50, 6, 1, NULL, NULL),
(52, 6, 1, NULL, NULL),
(53, 6, 1, NULL, NULL),
(54, 6, 1, NULL, NULL),
(55, 6, 1, NULL, NULL),
(56, 6, 1, NULL, NULL),
(57, 6, 1, NULL, NULL),
(58, 6, 1, NULL, NULL),
(59, 6, 1, NULL, NULL),
(60, 6, 1, NULL, NULL),
(62, 6, 1, NULL, NULL),
(64, 6, 1, NULL, NULL),
(65, 6, 1, NULL, NULL),
(72, 6, 1, NULL, NULL),
(66, 8, 1, NULL, NULL),
(67, 8, 1, NULL, NULL),
(69, 9, 1, NULL, NULL),
(70, 9, 1, NULL, NULL),
(74, 9, 1, NULL, NULL),
(32, 10, 1, NULL, NULL),
(35, 10, 1, NULL, NULL),
(45, 10, 1, NULL, NULL),
(46, 10, 2, NULL, NULL),
(47, 10, 1, NULL, NULL),
(48, 10, 1, NULL, NULL),
(51, 10, 1, NULL, NULL),
(68, 10, 1, NULL, NULL),
(75, 10, 1, NULL, NULL),
(34, 11, 1, NULL, NULL),
(44, 11, 1, NULL, NULL),
(31, 12, 1, NULL, NULL),
(36, 12, 1, NULL, NULL),
(29, 26, 2, NULL, NULL),
(30, 26, 1, NULL, NULL);

-- --------------------------------------------------------

--
-- Ë°®ÁöÑÁªìÊûÑ `product`
--

CREATE TABLE IF NOT EXISTS `product` (
  `id` int(11) NOT NULL AUTO_INCREMENT,
  `name` varchar(80) NOT NULL COMMENT 'ÂïÜÂìÅÂêçÁß∞',
  `price` decimal(6,2) NOT NULL COMMENT '‰ª∑Ê†º,Âçï‰ΩçÔºöÂàÜ',
  `stock` int(11) NOT NULL DEFAULT '0' COMMENT 'Â∫ìÂ≠òÈáè',
  `delete_time` int(11) DEFAULT NULL,
  `category_id` int(11) DEFAULT NULL,
  `main_img_url` varchar(255) DEFAULT NULL COMMENT '‰∏ªÂõæIDÂè∑ÔºåËøôÊòØ‰∏Ä‰∏™ÂèçËåÉÂºèËÆæËÆ°ÔºåÊúâ‰∏ÄÂÆöÁöÑÂÜó‰Ωô',
  `from` tinyint(4) NOT NULL DEFAULT '1' COMMENT 'ÂõæÁâáÊù•Ëá™ 1 Êú¨Âú∞ Ôºå2ÂÖ¨ÁΩë',
  `create_time` int(11) DEFAULT NULL COMMENT 'ÂàõÂª∫Êó∂Èó¥',
  `update_time` int(11) DEFAULT NULL,
  `summary` varchar(50) DEFAULT NULL COMMENT 'ÊëòË¶Å',
  `img_id` int(11) DEFAULT NULL COMMENT 'ÂõæÁâáÂ§ñÈîÆ',
  PRIMARY KEY (`id`)
) ENGINE=InnoDB  DEFAULT CHARSET=utf8 AUTO_INCREMENT=34 ;

--
-- ËΩ¨Â≠òË°®‰∏≠ÁöÑÊï∞ÊçÆ `product`
--

INSERT INTO `product` (`id`, `name`, `price`, `stock`, `delete_time`, `category_id`, `main_img_url`, `from`, `create_time`, `update_time`, `summary`, `img_id`) VALUES
(1, 'ËäπËèú ÂçäÊñ§', '0.01', 232, NULL, 3, '/product-vg@1.png', 1, NULL, NULL, NULL, 13),
(2, 'Ê¢®Ëä±Â∏¶Èõ® 3‰∏™', '0.01', 232, NULL, 2, '/product-dryfruit@1.png', 1, NULL, NULL, NULL, 10),
(3, 'Á¥†Á±≥ 327ÂÖã', '0.01', 996, NULL, 7, '/product-rice@1.png', 1, NULL, NULL, NULL, 31),
(4, 'Á∫¢Ë¢ñÊû∏Êùû 6ÂÖã*3Ë¢ã', '0.01', 998, NULL, 6, '/product-tea@1.png', 1, NULL, NULL, NULL, 32),
(5, 'Êò•ÁîüÈæôÁúº 500ÂÖã', '0.01', 995, NULL, 2, '/product-dryfruit@2.png', 1, NULL, NULL, NULL, 33),
(6, 'Â∞èÁ∫¢ÁöÑÁå™ËÄ≥Êúµ 120ÂÖã', '0.01', 997, NULL, 5, '/product-cake@2.png', 1, NULL, NULL, NULL, 53),
(7, 'Ê≥•Ëíø ÂçäÊñ§', '0.01', 998, NULL, 3, '/product-vg@2.png', 1, NULL, NULL, NULL, 68),
(8, 'Â§èÊó•ËäíÊûú 3‰∏™', '0.01', 995, NULL, 2, '/product-dryfruit@3.png', 1, NULL, NULL, NULL, 36),
(9, 'ÂÜ¨Êú®Á∫¢Êû£ 500ÂÖã', '0.01', 996, NULL, 2, '/product-dryfruit@4.png', 1, NULL, NULL, NULL, 37),
(10, '‰∏áÁ¥´ÂçÉÂá§Ê¢® 300ÂÖã', '0.01', 996, NULL, 2, '/product-dryfruit@5.png', 1, NULL, NULL, NULL, 38),
(11, 'Ë¥µÂ¶ÉÁ¨ë 100ÂÖã', '0.01', 994, NULL, 2, '/product-dryfruit-a@6.png', 1, NULL, NULL, NULL, 39),
(12, 'ÁèçÂ•áÂºÇÊûú 3‰∏™', '0.01', 999, NULL, 2, '/product-dryfruit@7.png', 1, NULL, NULL, NULL, 40),
(13, 'ÁªøË±Ü 125ÂÖã', '0.01', 999, NULL, 7, '/product-rice@2.png', 1, NULL, NULL, NULL, 41),
(14, 'ËäùÈ∫ª 50ÂÖã', '0.01', 999, NULL, 7, '/product-rice@3.png', 1, NULL, NULL, NULL, 42),
(15, 'Áå¥Â§¥Ëèá 370ÂÖã', '0.01', 999, NULL, 7, '/product-rice@4.png', 1, NULL, NULL, NULL, 43),
(16, 'Ë•øÁ∫¢Êüø 1Êñ§', '0.01', 999, NULL, 3, '/product-vg@3.png', 1, NULL, NULL, NULL, 69),
(17, 'Ê≤πÁÇ∏Ëä±Áîü 300ÂÖã', '0.01', 999, NULL, 4, '/product-fry@1.png', 1, NULL, NULL, NULL, 44),
(18, 'Êò•Ê≥•Ë•øÁìúÂ≠ê 128ÂÖã', '0.01', 997, NULL, 4, '/product-fry@2.png', 1, NULL, NULL, NULL, 45),
(19, 'Á¢ßÊ∞¥ËëµËä±Á±Ω 128ÂÖã', '0.01', 999, NULL, 4, '/product-fry@3.png', 1, NULL, NULL, NULL, 46),
(20, 'Á¢ßËû∫Êò• 12ÂÖã*3Ë¢ã', '0.01', 999, NULL, 6, '/product-tea@2.png', 1, NULL, NULL, NULL, 47),
(21, 'Ë•øÊπñÈæô‰∫ï 8ÂÖã*3Ë¢ã', '0.01', 998, NULL, 6, '/product-tea@3.png', 1, NULL, NULL, NULL, 48),
(22, 'Ê¢ÖÂÖ∞Ê∏ÖËä±Á≥ï 1‰∏™', '0.01', 997, NULL, 5, '/product-cake-a@3.png', 1, NULL, NULL, NULL, 54),
(23, 'Ê∏ÖÂáâËñÑËç∑Á≥ï 1‰∏™', '0.01', 998, NULL, 5, '/product-cake-a@4.png', 1, NULL, NULL, NULL, 55),
(25, 'Â∞èÊòéÁöÑÂ¶ôËÑÜËßí 120ÂÖã', '0.01', 999, NULL, 5, '/product-cake@1.png', 1, NULL, NULL, NULL, 52),
(26, 'Á∫¢Ë°£ÈùíÁìú Ê∑∑Êê≠160ÂÖã', '0.01', 999, NULL, 2, '/product-dryfruit@8.png', 1, NULL, NULL, NULL, 56),
(27, 'ÈîàËâ≤ÁìúÂ≠ê 100ÂÖã', '0.01', 998, NULL, 4, '/product-fry@4.png', 1, NULL, NULL, NULL, 57),
(28, 'Êò•Ê≥•Ëä±Áîü 200ÂÖã', '0.01', 999, NULL, 4, '/product-fry@5.png', 1, NULL, NULL, NULL, 58),
(29, 'ÂÜ∞ÂøÉÈ∏°Ëõã 2‰∏™', '0.01', 999, NULL, 7, '/product-rice@5.png', 1, NULL, NULL, NULL, 59),
(30, 'ÂÖ´ÂÆùËé≤Â≠ê 200ÂÖã', '0.01', 999, NULL, 7, '/product-rice@6.png', 1, NULL, NULL, NULL, 14),
(31, 'Ê∑±Ê∂ßÊú®ËÄ≥ 78ÂÖã', '0.01', 999, NULL, 7, '/product-rice@7.png', 1, NULL, NULL, NULL, 60),
(32, 'ÂúüË±Ü ÂçäÊñ§', '0.01', 999, NULL, 3, '/product-vg@4.png', 1, NULL, NULL, NULL, 66),
(33, 'ÈùíÊ§í ÂçäÊñ§', '0.01', 999, NULL, 3, '/product-vg@5.png', 1, NULL, NULL, NULL, 67);

-- --------------------------------------------------------

--
-- Ë°®ÁöÑÁªìÊûÑ `product_image`
--

CREATE TABLE IF NOT EXISTS `product_image` (
  `id` int(11) NOT NULL AUTO_INCREMENT,
  `img_id` int(11) NOT NULL COMMENT 'Â§ñÈîÆÔºåÂÖ≥ËÅîÂõæÁâáË°®',
  `delete_time` int(11) DEFAULT NULL COMMENT 'Áä∂ÊÄÅÔºå‰∏ªË¶ÅË°®Á§∫ÊòØÂê¶Âà†Èô§Ôºå‰πüÂèØ‰ª•Êâ©Â±ïÂÖ∂‰ªñÁä∂ÊÄÅ',
  `order` int(11) NOT NULL DEFAULT '0' COMMENT 'ÂõæÁâáÊéíÂ∫èÂ∫èÂè∑',
  `product_id` int(11) NOT NULL COMMENT 'ÂïÜÂìÅidÔºåÂ§ñÈîÆ',
  PRIMARY KEY (`id`)
) ENGINE=InnoDB  DEFAULT CHARSET=utf8 AUTO_INCREMENT=20 ;

--
-- ËΩ¨Â≠òË°®‰∏≠ÁöÑÊï∞ÊçÆ `product_image`
--

INSERT INTO `product_image` (`id`, `img_id`, `delete_time`, `order`, `product_id`) VALUES
(4, 19, NULL, 1, 11),
(5, 20, NULL, 2, 11),
(6, 21, NULL, 3, 11),
(7, 22, NULL, 4, 11),
(8, 23, NULL, 5, 11),
(9, 24, NULL, 6, 11),
(10, 25, NULL, 7, 11),
(11, 26, NULL, 8, 11),
(12, 27, NULL, 9, 11),
(13, 28, NULL, 11, 11),
(14, 29, NULL, 10, 11),
(18, 62, NULL, 12, 11),
(19, 63, NULL, 13, 11);

-- --------------------------------------------------------

--
-- Ë°®ÁöÑÁªìÊûÑ `product_property`
--

CREATE TABLE IF NOT EXISTS `product_property` (
  `id` int(11) NOT NULL AUTO_INCREMENT,
  `name` varchar(30) DEFAULT NULL COMMENT 'ËØ¶ÊÉÖÂ±ûÊÄßÂêçÁß∞',
  `detail` varchar(255) NOT NULL COMMENT 'ËØ¶ÊÉÖÂ±ûÊÄß',
  `product_id` int(11) NOT NULL COMMENT 'ÂïÜÂìÅidÔºåÂ§ñÈîÆ',
  `delete_time` int(11) DEFAULT NULL,
  `update_time` int(11) DEFAULT NULL,
  PRIMARY KEY (`id`)
) ENGINE=InnoDB  DEFAULT CHARSET=utf8 AUTO_INCREMENT=9 ;

--
-- ËΩ¨Â≠òË°®‰∏≠ÁöÑÊï∞ÊçÆ `product_property`
--

INSERT INTO `product_property` (`id`, `name`, `detail`, `product_id`, `delete_time`, `update_time`) VALUES
(1, 'ÂìÅÂêç', 'Êù®Ê¢Ö', 11, NULL, NULL),
(2, 'Âè£Âë≥', 'ÈùíÊ¢ÖÂë≥ Èõ™Ê¢®Âë≥ ÈªÑÊ°ÉÂë≥ Ëè†ËêùÂë≥', 11, NULL, NULL),
(3, '‰∫ßÂú∞', 'ÁÅ´Êòü', 11, NULL, NULL),
(4, '‰øùË¥®Êúü', '180Â§©', 11, NULL, NULL),
(5, 'ÂìÅÂêç', 'Ê¢®Â≠ê', 2, NULL, NULL),
(6, '‰∫ßÂú∞', 'ÈáëÊòü', 2, NULL, NULL),
(7, 'ÂáÄÂê´Èáè', '100g', 2, NULL, NULL),
(8, '‰øùË¥®Êúü', '10Â§©', 2, NULL, NULL);

-- --------------------------------------------------------

--
-- Ë°®ÁöÑÁªìÊûÑ `theme`
--

CREATE TABLE IF NOT EXISTS `theme` (
  `id` int(11) NOT NULL AUTO_INCREMENT,
  `name` varchar(50) NOT NULL COMMENT '‰∏ìÈ¢òÂêçÁß∞',
  `description` varchar(255) DEFAULT NULL COMMENT '‰∏ìÈ¢òÊèèËø∞',
  `topic_img_id` int(11) NOT NULL COMMENT '‰∏ªÈ¢òÂõæÔºåÂ§ñÈîÆ',
  `delete_time` int(11) DEFAULT NULL,
  `head_img_id` int(11) NOT NULL COMMENT '‰∏ìÈ¢òÂàóË°®È°µÔºåÂ§¥Âõæ',
  `update_time` int(11) DEFAULT NULL,
  PRIMARY KEY (`id`)
) ENGINE=InnoDB  DEFAULT CHARSET=utf8 COMMENT='‰∏ªÈ¢ò‰ø°ÊÅØË°®' AUTO_INCREMENT=4 ;

--
-- ËΩ¨Â≠òË°®‰∏≠ÁöÑÊï∞ÊçÆ `theme`
--

INSERT INTO `theme` (`id`, `name`, `description`, `topic_img_id`, `delete_time`, `head_img_id`, `update_time`) VALUES
(1, '‰∏ìÈ¢òÊ†è‰Ωç‰∏Ä', 'ÁæéÂë≥Ê∞¥Êûú‰∏ñÁïå', 16, NULL, 49, NULL),
(2, '‰∏ìÈ¢òÊ†è‰Ωç‰∫å', 'Êñ∞ÂìÅÊé®Ëçê', 17, NULL, 50, NULL),
(3, '‰∏ìÈ¢òÊ†è‰Ωç‰∏â', 'ÂÅö‰∏™Âπ≤Áâ©Â•≥', 18, NULL, 18, NULL);

-- --------------------------------------------------------

--
-- Ë°®ÁöÑÁªìÊûÑ `theme_product`
--

CREATE TABLE IF NOT EXISTS `theme_product` (
  `theme_id` int(11) NOT NULL COMMENT '‰∏ªÈ¢òÂ§ñÈîÆ',
  `product_id` int(11) NOT NULL COMMENT 'ÂïÜÂìÅÂ§ñÈîÆ',
  PRIMARY KEY (`theme_id`,`product_id`)
) ENGINE=InnoDB DEFAULT CHARSET=utf8 COMMENT='‰∏ªÈ¢òÊâÄÂåÖÂê´ÁöÑÂïÜÂìÅ';

--
-- ËΩ¨Â≠òË°®‰∏≠ÁöÑÊï∞ÊçÆ `theme_product`
--

INSERT INTO `theme_product` (`theme_id`, `product_id`) VALUES
(1, 2),
(1, 5),
(1, 8),
(1, 10),
(1, 12),
(2, 1),
(2, 2),
(2, 3),
(2, 5),
(2, 6),
(2, 16),
(2, 33),
(3, 15),
(3, 18),
(3, 19),
(3, 27),
(3, 30),
(3, 31);

-- --------------------------------------------------------

--
-- Ë°®ÁöÑÁªìÊûÑ `third_app`
--

CREATE TABLE IF NOT EXISTS `third_app` (
  `id` int(11) NOT NULL AUTO_INCREMENT,
  `app_id` varchar(64) NOT NULL COMMENT 'Â∫îÁî®app_id',
  `app_secret` varchar(64) NOT NULL COMMENT 'Â∫îÁî®secret',
  `app_description` varchar(100) DEFAULT NULL COMMENT 'Â∫îÁî®Á®ãÂ∫èÊèèËø∞',
  `scope` varchar(20) NOT NULL COMMENT 'Â∫îÁî®ÊùÉÈôê',
  `scope_description` varchar(100) DEFAULT NULL COMMENT 'ÊùÉÈôêÊèèËø∞',
  `delete_time` int(11) DEFAULT NULL,
  `update_time` int(11) DEFAULT NULL,
  PRIMARY KEY (`id`)
) ENGINE=InnoDB  DEFAULT CHARSET=utf8 COMMENT='ËÆøÈóÆAPIÁöÑÂêÑÂ∫îÁî®Ë¥¶Âè∑ÂØÜÁ†ÅË°®' AUTO_INCREMENT=2 ;

--
-- ËΩ¨Â≠òË°®‰∏≠ÁöÑÊï∞ÊçÆ `third_app`
--

INSERT INTO `third_app` (`id`, `app_id`, `app_secret`, `app_description`, `scope`, `scope_description`, `delete_time`, `update_time`) VALUES
(1, 'yfy', '8912878', 'CMS', '32', 'Super', NULL, NULL);

-- --------------------------------------------------------

--
-- Ë°®ÁöÑÁªìÊûÑ `user`
--

CREATE TABLE IF NOT EXISTS `user` (
  `id` int(11) NOT NULL AUTO_INCREMENT,
  `openid` varchar(50) NOT NULL,
  `nickname` varchar(50) DEFAULT NULL,
  `extend` varchar(255) DEFAULT NULL,
  `delete_time` int(11) DEFAULT NULL,
  `create_time` int(11) DEFAULT NULL COMMENT 'Ê≥®ÂÜåÊó∂Èó¥',
  `update_time` int(11) DEFAULT NULL,
  PRIMARY KEY (`id`),
  UNIQUE KEY `openid` (`openid`)
) ENGINE=InnoDB  DEFAULT CHARSET=utf8 AUTO_INCREMENT=3 ;

--
-- ËΩ¨Â≠òË°®‰∏≠ÁöÑÊï∞ÊçÆ `user`
--

INSERT INTO `user` (`id`, `openid`, `nickname`, `extend`, `delete_time`, `create_time`, `update_time`) VALUES
(2, 'oYX4A0a02dnM6Gpubimi2ggteZdA', NULL, NULL, NULL, NULL, NULL);

-- --------------------------------------------------------

--
-- Ë°®ÁöÑÁªìÊûÑ `user_address`
--

CREATE TABLE IF NOT EXISTS `user_address` (
  `id` int(11) NOT NULL AUTO_INCREMENT,
  `name` varchar(30) NOT NULL COMMENT 'Êî∂Ëé∑‰∫∫ÂßìÂêç',
  `mobile` varchar(20) NOT NULL COMMENT 'ÊâãÊú∫Âè∑',
  `province` varchar(20) DEFAULT NULL COMMENT 'ÁúÅ',
  `city` varchar(20) DEFAULT NULL COMMENT 'Â∏Ç',
  `country` varchar(20) DEFAULT NULL COMMENT 'Âå∫',
  `detail` varchar(100) DEFAULT NULL COMMENT 'ËØ¶ÁªÜÂú∞ÂùÄ',
  `delete_time` int(11) DEFAULT NULL,
  `user_id` int(11) NOT NULL COMMENT 'Â§ñÈîÆ',
  `update_time` int(11) DEFAULT NULL,
  PRIMARY KEY (`id`),
  UNIQUE KEY `user_id` (`user_id`)
) ENGINE=InnoDB  DEFAULT CHARSET=utf8 AUTO_INCREMENT=2 ;

--
-- ËΩ¨Â≠òË°®‰∏≠ÁöÑÊï∞ÊçÆ `user_address`
--

INSERT INTO `user_address` (`id`, `name`, `mobile`, `province`, `city`, `country`, `detail`, `delete_time`, `user_id`, `update_time`) VALUES
(1, 'Âº†‰∏â', '18888888888', 'Âπø‰∏úÁúÅ', 'ÂπøÂ∑ûÂ∏Ç', 'Â§©Ê≤≥Âå∫', 'ÊüêÂ∑∑ÊüêÂè∑', NULL, 2, NULL);

/*!40101 SET CHARACTER_SET_CLIENT=@OLD_CHARACTER_SET_CLIENT */;
/*!40101 SET CHARACTER_SET_RESULTS=@OLD_CHARACTER_SET_RESULTS */;
/*!40101 SET COLLATION_CONNECTION=@OLD_COLLATION_CONNECTION */;
